date,location,completed
2026-06-17,13th St,FALSE
2026-06-17,Asheville,TRUE
2026-06-17,Boston,TRUE
2026-06-17,Boynton Beach,TRUE
2026-06-17,Chilton Family Eye Care,TRUE
2026-06-17,Citrus Heights,TRUE
2026-06-17,Colchester,TRUE
2026-06-17,Dallas,TRUE
2026-06-17,Downtown,TRUE
2026-06-17,East Northport,TRUE
2026-06-17,Essex,TRUE
2026-06-17,Eye Care Associates Jefferson,TRUE
2026-06-17,Eye Care Associates Panora,TRUE
2026-06-17,Eye Care Associates Perry,TRUE
2026-06-17,Eye Care Associates Stuart,TRUE
2026-06-17,Eyecare of Great Bend,TRUE
2026-06-17,Eyes on Eastern,TRUE
2026-06-17,Fort Collins,FALSE
2026-06-17,Geneva,FALSE
2026-06-17,Glen Mills,TRUE
2026-06-17,Grafton Family Eye Care,TRUE
2026-06-17,Hebron,TRUE
2026-06-17,Irving,TRUE
2026-06-17,Lake Mills,TRUE
2026-06-17,Lancaster,TRUE
2026-06-17,Larned Eye Health,TRUE
2026-06-17,Longmont,TRUE
2026-06-17,Madison,TRUE
2026-06-17,Maple Grove,TRUE
2026-06-17,Mitchell,TRUE
2026-06-17,Naperville,FALSE
2026-06-17,New Holstein Family Eye Care,TRUE
2026-06-17,Omaha,TRUE
2026-06-17,Orange City,TRUE
2026-06-17,Park Hills,TRUE
2026-06-17,Prosper,TRUE
2026-06-17,Sheboygan Family Eye Care,TRUE
2026-06-17,Tooele,TRUE
2026-06-17,Toronto Ontario Canada,FALSE
2026-06-17,Tulsa,TRUE
2026-06-17,Vision Source Atwood,TRUE
2026-06-17,Vision Source Burlington,TRUE
2026-06-17,Vision Source Colby,TRUE
2026-06-17,Vision Source Eye Center of the Triad Greensboro,TRUE
2026-06-17,Vision Source Eye Center of the Triad Oak Ridge,TRUE
2026-06-17,Vision Source Goodland,FALSE
2026-06-17,Vision Source Junction City,TRUE
2026-06-17,Vision Source Manhattan,TRUE
2026-06-17,Vision Source Oakley,TRUE
2026-06-17,Vision Source St Francis,TRUE
2026-06-17,Vision Source Wamego,TRUE
2026-06-17,Vision Source Wray,TRUE
2026-06-17,Vision Source Yuma,FALSE
2026-06-17,WVEA,TRUE
2026-06-17,Waupun,TRUE
2026-06-17,Wheaton,FALSE
2026-06-17,Woodridge,FALSE
2026-06-18,13th St,FALSE
2026-06-18,Asheville,TRUE
2026-06-18,Boston,TRUE
2026-06-18,Boynton Beach,TRUE
2026-06-18,Chilton Family Eye Care,TRUE
2026-06-18,Citrus Heights,TRUE
2026-06-18,Colchester,TRUE
2026-06-18,Dallas,TRUE
2026-06-18,Downtown,TRUE
2026-06-18,East Northport,TRUE
2026-06-18,Essex,TRUE
2026-06-18,Eye Care Associates Jefferson,TRUE
2026-06-18,Eye Care Associates Panora,TRUE
2026-06-18,Eye Care Associates Perry,TRUE
2026-06-18,Eye Care Associates Stuart,TRUE
2026-06-18,Eyecare of Great Bend,TRUE
2026-06-18,Eyes on Eastern,TRUE
2026-06-18,Fort Collins,FALSE
2026-06-18,Geneva,FALSE
2026-06-18,Glen Mills,TRUE
2026-06-18,Grafton Family Eye Care,TRUE
2026-06-18,Hebron,TRUE
2026-06-18,Irving,TRUE
2026-06-18,Lake Mills,TRUE
2026-06-18,Lancaster,TRUE
2026-06-18,Larned Eye Health,TRUE
2026-06-18,Longmont,TRUE
2026-06-18,Madison,TRUE
2026-06-18,Maple Grove,TRUE
2026-06-18,Mitchell,TRUE
2026-06-18,Naperville,FALSE
2026-06-18,New Holstein Family Eye Care,TRUE
2026-06-18,Omaha,TRUE
2026-06-18,Orange City,TRUE
2026-06-18,Park Hills,TRUE
2026-06-18,Prosper,TRUE
2026-06-18,Sheboygan Family Eye Care,TRUE
2026-06-18,Tooele,TRUE
2026-06-18,Toronto Ontario Canada,TRUE
2026-06-18,Tulsa,TRUE
2026-06-18,Vision Source Atwood,TRUE
2026-06-18,Vision Source Burlington,TRUE
2026-06-18,Vision Source Colby,TRUE
2026-06-18,Vision Source Eye Center of the Triad Greensboro,TRUE
2026-06-18,Vision Source Eye Center of the Triad Oak Ridge,TRUE
2026-06-18,Vision Source Goodland,TRUE
2026-06-18,Vision Source Junction City,TRUE
2026-06-18,Vision Source Manhattan,TRUE
2026-06-18,Vision Source Oakley,TRUE
2026-06-18,Vision Source St Francis,TRUE
2026-06-18,Vision Source Wamego,TRUE
2026-06-18,Vision Source Wray,TRUE
2026-06-18,Vision Source Yuma,TRUE
2026-06-18,WVEA,TRUE
2026-06-18,Waupun,TRUE
2026-06-18,Wheaton,FALSE
2026-06-18,Woodridge,FALSE
2026-06-19,13th St,TRUE
2026-06-19,Asheville,TRUE
2026-06-19,Boston,TRUE
2026-06-19,Boynton Beach,TRUE
2026-06-19,Chilton Family Eye Care,TRUE
2026-06-19,Citrus Heights,FALSE
2026-06-19,Colchester,TRUE
2026-06-19,Dallas,TRUE
2026-06-19,Downtown,TRUE
2026-06-19,East Northport,TRUE
2026-06-19,Essex,TRUE
2026-06-19,Eye Care Associates Jefferson,TRUE
2026-06-19,Eye Care Associates Panora,TRUE
2026-06-19,Eye Care Associates Perry,TRUE
2026-06-19,Eye Care Associates Stuart,TRUE
2026-06-19,Eyecare of Great Bend,TRUE
2026-06-19,Eyes on Eastern,TRUE
2026-06-19,Fort Collins,FALSE
2026-06-19,Geneva,FALSE
2026-06-19,Glen Mills,TRUE
2026-06-19,Grafton Family Eye Care,TRUE
2026-06-19,Hebron,TRUE
2026-06-19,Irving,TRUE
2026-06-19,Lake Mills,TRUE
2026-06-19,Lancaster,TRUE
2026-06-19,Larned Eye Health,TRUE
2026-06-19,Longmont,TRUE
2026-06-19,Madison,TRUE
2026-06-19,Maple Grove,TRUE
2026-06-19,Mitchell,TRUE
2026-06-19,Naperville,FALSE
2026-06-19,New Holstein Family Eye Care,TRUE
2026-06-19,Omaha,TRUE
2026-06-19,Orange City,TRUE
2026-06-19,Park Hills,TRUE
2026-06-19,Prosper,TRUE
2026-06-19,Sheboygan Family Eye Care,TRUE
2026-06-19,Tooele,TRUE
2026-06-19,Toronto Ontario Canada,FALSE
2026-06-19,Tulsa,TRUE
2026-06-19,Vision Source Atwood,TRUE
2026-06-19,Vision Source Burlington,TRUE
2026-06-19,Vision Source Colby,FALSE
2026-06-19,Vision Source Eye Center of the Triad Greensboro,TRUE
2026-06-19,Vision Source Eye Center of the Triad Oak Ridge,TRUE
2026-06-19,Vision Source Goodland,TRUE
2026-06-19,Vision Source Junction City,TRUE
2026-06-19,Vision Source Manhattan,TRUE
2026-06-19,Vision Source Oakley,TRUE
2026-06-19,Vision Source St Francis,TRUE
2026-06-19,Vision Source Wamego,TRUE
2026-06-19,Vision Source Wray,TRUE
2026-06-19,Vision Source Yuma,TRUE
2026-06-19,WVEA,TRUE
2026-06-19,Waupun,TRUE
2026-06-19,Wheaton,FALSE
2026-06-19,Woodridge,FALSE
2026-06-20,13th St,TRUE
2026-06-20,Asheville,TRUE
2026-06-20,Boston,TRUE
2026-06-20,Boynton Beach,TRUE
2026-06-20,Chilton Family Eye Care,TRUE
2026-06-20,Citrus Heights,TRUE
2026-06-20,Colchester,TRUE
2026-06-20,Dallas,TRUE
2026-06-20,Downtown,TRUE
2026-06-20,East Northport,TRUE
2026-06-20,Essex,TRUE
2026-06-20,Eye Care Associates Jefferson,TRUE
2026-06-20,Eye Care Associates Panora,TRUE
2026-06-20,Eye Care Associates Perry,TRUE
2026-06-20,Eye Care Associates Stuart,TRUE
2026-06-20,Eyecare of Great Bend,TRUE
2026-06-20,Eyes on Eastern,TRUE
2026-06-20,Fort Collins,FALSE
2026-06-20,Geneva,FALSE
2026-06-20,Glen Mills,TRUE
2026-06-20,Grafton Family Eye Care,TRUE
2026-06-20,Hebron,TRUE
2026-06-20,Irving,TRUE
2026-06-20,Lake Mills,TRUE
2026-06-20,Lancaster,TRUE
2026-06-20,Larned Eye Health,TRUE
2026-06-20,Longmont,TRUE
2026-06-20,Madison,TRUE
2026-06-20,Maple Grove,TRUE
2026-06-20,Mitchell,TRUE
2026-06-20,Naperville,FALSE
2026-06-20,New Holstein Family Eye Care,TRUE
2026-06-20,Omaha,TRUE
2026-06-20,Orange City,TRUE
2026-06-20,Park Hills,TRUE
2026-06-20,Prosper,TRUE
2026-06-20,Sheboygan Family Eye Care,TRUE
2026-06-20,Tooele,TRUE
2026-06-20,Toronto Ontario Canada,TRUE
2026-06-20,Tulsa,TRUE
2026-06-20,Vision Source Atwood,TRUE
2026-06-20,Vision Source Burlington,TRUE
2026-06-20,Vision Source Colby,FALSE
2026-06-20,Vision Source Eye Center of the Triad Greensboro,TRUE
2026-06-20,Vision Source Eye Center of the Triad Oak Ridge,TRUE
2026-06-20,Vision Source Goodland,TRUE
2026-06-20,Vision Source Junction City,TRUE
2026-06-20,Vision Source Manhattan,TRUE
2026-06-20,Vision Source Oakley,TRUE
2026-06-20,Vision Source St Francis,TRUE
2026-06-20,Vision Source Wamego,TRUE
2026-06-20,Vision Source Wray,TRUE
2026-06-20,Vision Source Yuma,FALSE
2026-06-20,WVEA,TRUE
2026-06-20,Waupun,TRUE
2026-06-20,Wheaton,FALSE
2026-06-20,Woodridge,FALSE
2026-06-21,13th St,TRUE
2026-06-21,Asheville,TRUE
2026-06-21,Boston,TRUE
2026-06-21,Boynton Beach,TRUE
2026-06-21,Chilton Family Eye Care,TRUE
2026-06-21,Citrus Heights,TRUE
2026-06-21,Colchester,TRUE
2026-06-21,Dallas,TRUE
2026-06-21,Downtown,TRUE
2026-06-21,East Northport,TRUE
2026-06-21,Essex,TRUE
2026-06-21,Eye Care Associates Jefferson,TRUE
2026-06-21,Eye Care Associates Panora,TRUE
2026-06-21,Eye Care Associates Perry,TRUE
2026-06-21,Eye Care Associates Stuart,TRUE
2026-06-21,Eyecare of Great Bend,TRUE
2026-06-21,Eyes on Eastern,TRUE
2026-06-21,Fort Collins,FALSE
2026-06-21,Geneva,FALSE
2026-06-21,Glen Mills,TRUE
2026-06-21,Grafton Family Eye Care,TRUE
2026-06-21,Hebron,TRUE
2026-06-21,Irving,TRUE
2026-06-21,Lake Mills,TRUE
2026-06-21,Lancaster,TRUE
2026-06-21,Larned Eye Health,TRUE
2026-06-21,Longmont,TRUE
2026-06-21,Madison,TRUE
2026-06-21,Maple Grove,TRUE
2026-06-21,Mitchell,TRUE
2026-06-21,Naperville,FALSE
2026-06-21,New Holstein Family Eye Care,TRUE
2026-06-21,Omaha,TRUE
2026-06-21,Orange City,TRUE
2026-06-21,Park Hills,TRUE
2026-06-21,Prosper,TRUE
2026-06-21,Sheboygan Family Eye Care,TRUE
2026-06-21,Tooele,TRUE
2026-06-21,Toronto Ontario Canada,FALSE
2026-06-21,Tulsa,TRUE
2026-06-21,Vision Source Atwood,TRUE
2026-06-21,Vision Source Burlington,TRUE
2026-06-21,Vision Source Colby,TRUE
2026-06-21,Vision Source Eye Center of the Triad Greensboro,TRUE
2026-06-21,Vision Source Eye Center of the Triad Oak Ridge,TRUE
2026-06-21,Vision Source Goodland,TRUE
2026-06-21,Vision Source Junction City,TRUE
2026-06-21,Vision Source Manhattan,TRUE
2026-06-21,Vision Source Oakley,TRUE
2026-06-21,Vision Source St Francis,FALSE
2026-06-21,Vision Source Wamego,TRUE
2026-06-21,Vision Source Wray,TRUE
2026-06-21,Vision Source Yuma,TRUE
2026-06-21,WVEA,TRUE
2026-06-21,Waupun,TRUE
2026-06-21,Wheaton,FALSE
2026-06-21,Woodridge,FALSE
2026-06-22,13th St,TRUE
2026-06-22,Asheville,TRUE
2026-06-22,Boston,TRUE
2026-06-22,Boynton Beach,TRUE
2026-06-22,Chilton Family Eye Care,TRUE
2026-06-22,Citrus Heights,TRUE
2026-06-22,Colchester,TRUE
2026-06-22,Dallas,TRUE
2026-06-22,Downtown,TRUE
2026-06-22,East Northport,TRUE
2026-06-22,Essex,TRUE
2026-06-22,Eye Care Associates Jefferson,TRUE
2026-06-22,Eye Care Associates Panora,TRUE
2026-06-22,Eye Care Associates Perry,TRUE
2026-06-22,Eye Care Associates Stuart,TRUE
2026-06-22,Eyecare of Great Bend,TRUE
2026-06-22,Eyes on Eastern,TRUE
2026-06-22,Fort Collins,TRUE
2026-06-22,Geneva,FALSE
2026-06-22,Glen Mills,TRUE
2026-06-22,Grafton Family Eye Care,TRUE
2026-06-22,Hebron,TRUE
2026-06-22,Irving,TRUE
2026-06-22,Lake Mills,TRUE
2026-06-22,Lancaster,TRUE
2026-06-22,Larned Eye Health,TRUE
2026-06-22,Longmont,TRUE
2026-06-22,Madison,TRUE
2026-06-22,Maple Grove,TRUE
2026-06-22,Mitchell,TRUE
2026-06-22,Naperville,FALSE
2026-06-22,New Holstein Family Eye Care,TRUE
2026-06-22,Omaha,TRUE
2026-06-22,Orange City,TRUE
2026-06-22,Park Hills,TRUE
2026-06-22,Prosper,TRUE
2026-06-22,Sheboygan Family Eye Care,TRUE
2026-06-22,Tooele,TRUE
2026-06-22,Toronto Ontario Canada,TRUE
2026-06-22,Tulsa,TRUE
2026-06-22,Vision Source Atwood,TRUE
2026-06-22,Vision Source Burlington,TRUE
2026-06-22,Vision Source Colby,TRUE
2026-06-22,Vision Source Eye Center of the Triad Greensboro,TRUE
2026-06-22,Vision Source Eye Center of the Triad Oak Ridge,TRUE
2026-06-22,Vision Source Goodland,TRUE
2026-06-22,Vision Source Junction City,TRUE
2026-06-22,Vision Source Manhattan,TRUE
2026-06-22,Vision Source Oakley,TRUE
2026-06-22,Vision Source St Francis,TRUE
2026-06-22,Vision Source Wamego,TRUE
2026-06-22,Vision Source Wray,TRUE
2026-06-22,Vision Source Yuma,TRUE
2026-06-22,WVEA,TRUE
2026-06-22,Waupun,TRUE
2026-06-22,Wheaton,FALSE
2026-06-22,Woodridge,FALSE
2026-06-23,13th St,TRUE
2026-06-23,Asheville,TRUE
2026-06-23,Boston,TRUE
2026-06-23,Boynton Beach,TRUE
2026-06-23,Chilton Family Eye Care,TRUE
2026-06-23,Citrus Heights,TRUE
2026-06-23,Colchester,TRUE
2026-06-23,Dallas,TRUE
2026-06-23,Downtown,TRUE
2026-06-23,East Northport,TRUE
2026-06-23,Essex,TRUE
2026-06-23,Eye Care Associates Jefferson,TRUE
2026-06-23,Eye Care Associates Panora,TRUE
2026-06-23,Eye Care Associates Perry,TRUE
2026-06-23,Eye Care Associates Stuart,TRUE
2026-06-23,Eyecare of Great Bend,TRUE
2026-06-23,Eyes on Eastern,TRUE
2026-06-23,Fort Collins,TRUE
2026-06-23,Geneva,FALSE
2026-06-23,Glen Mills,TRUE
2026-06-23,Grafton Family Eye Care,TRUE
2026-06-23,Hebron,TRUE
2026-06-23,Irving,TRUE
2026-06-23,Lake Mills,TRUE
2026-06-23,Lancaster,TRUE
2026-06-23,Larned Eye Health,TRUE
2026-06-23,Longmont,TRUE
2026-06-23,Madison,FALSE
2026-06-23,Maple Grove,TRUE
2026-06-23,Mitchell,TRUE
2026-06-23,Naperville,FALSE
2026-06-23,New Holstein Family Eye Care,TRUE
2026-06-23,Omaha,TRUE
2026-06-23,Orange City,TRUE
2026-06-23,Park Hills,TRUE
2026-06-23,Prosper,TRUE
2026-06-23,Sheboygan Family Eye Care,TRUE
2026-06-23,Tooele,TRUE
2026-06-23,Toronto Ontario Canada,FALSE
2026-06-23,Tulsa,TRUE
2026-06-23,Vision Source Atwood,TRUE
2026-06-23,Vision Source Burlington,TRUE
2026-06-23,Vision Source Colby,TRUE
2026-06-23,Vision Source Eye Center of the Triad Greensboro,TRUE
2026-06-23,Vision Source Eye Center of the Triad Oak Ridge,TRUE
2026-06-23,Vision Source Goodland,TRUE
2026-06-23,Vision Source Junction City,TRUE
2026-06-23,Vision Source Manhattan,TRUE
2026-06-23,Vision Source Oakley,TRUE
2026-06-23,Vision Source St Francis,TRUE
2026-06-23,Vision Source Wamego,TRUE
2026-06-23,Vision Source Wray,TRUE
2026-06-23,Vision Source Yuma,TRUE
2026-06-23,WVEA,TRUE
2026-06-23,Waupun,TRUE
2026-06-23,Wheaton,FALSE
2026-06-23,Woodridge,FALSE
2026-06-24,13th St,TRUE
2026-06-24,Asheville,TRUE
2026-06-24,Boston,TRUE
2026-06-24,Boynton Beach,TRUE
2026-06-24,Chilton Family Eye Care,TRUE
2026-06-24,Citrus Heights,TRUE
2026-06-24,Colchester,TRUE
2026-06-24,Dallas,TRUE
2026-06-24,Downtown,TRUE
2026-06-24,East Northport,TRUE
2026-06-24,Essex,TRUE
2026-06-24,Eye Care Associates Jefferson,TRUE
2026-06-24,Eye Care Associates Panora,TRUE
2026-06-24,Eye Care Associates Perry,TRUE
2026-06-24,Eye Care Associates Stuart,TRUE
2026-06-24,Eyecare of Great Bend,TRUE
2026-06-24,Eyes on Eastern,TRUE
2026-06-24,Fort Collins,TRUE
2026-06-24,Geneva,FALSE
2026-06-24,Glen Mills,TRUE
2026-06-24,Grafton Family Eye Care,TRUE
2026-06-24,Hebron,TRUE
2026-06-24,Irving,TRUE
2026-06-24,Lake Mills,TRUE
2026-06-24,Lancaster,TRUE
2026-06-24,Larned Eye Health,TRUE
2026-06-24,Longmont,TRUE
2026-06-24,Madison,TRUE
2026-06-24,Maple Grove,TRUE
2026-06-24,Mitchell,TRUE
2026-06-24,Naperville,FALSE
2026-06-24,New Holstein Family Eye Care,TRUE
2026-06-24,Omaha,TRUE
2026-06-24,Orange City,TRUE
2026-06-24,Park Hills,TRUE
2026-06-24,Prosper,TRUE
2026-06-24,Sheboygan Family Eye Care,TRUE
2026-06-24,Tooele,TRUE
2026-06-24,Toronto Ontario Canada,FALSE
2026-06-24,Tulsa,TRUE
2026-06-24,Vision Source Atwood,TRUE
2026-06-24,Vision Source Burlington,TRUE
2026-06-24,Vision Source Colby,TRUE
2026-06-24,Vision Source Eye Center of the Triad Greensboro,TRUE
2026-06-24,Vision Source Eye Center of the Triad Oak Ridge,TRUE
2026-06-24,Vision Source Goodland,TRUE
2026-06-24,Vision Source Junction City,TRUE
2026-06-24,Vision Source Manhattan,TRUE
2026-06-24,Vision Source Oakley,TRUE
2026-06-24,Vision Source St Francis,TRUE
2026-06-24,Vision Source Wamego,TRUE
2026-06-24,Vision Source Wray,TRUE
2026-06-24,Vision Source Yuma,TRUE
2026-06-24,WVEA,TRUE
2026-06-24,Waupun,FALSE
2026-06-24,Wheaton,FALSE
2026-06-24,Woodridge,FALSE
2026-06-25,13th St,TRUE
2026-06-25,Asheville,TRUE
2026-06-25,Boston,TRUE
2026-06-25,Boynton Beach,TRUE
2026-06-25,Chilton Family Eye Care,TRUE
2026-06-25,Citrus Heights,TRUE
2026-06-25,Colchester,TRUE
2026-06-25,Dallas,TRUE
2026-06-25,Downtown,TRUE
2026-06-25,East Northport,TRUE
2026-06-25,Essex,TRUE
2026-06-25,Eye Care Associates Jefferson,TRUE
2026-06-25,Eye Care Associates Panora,TRUE
2026-06-25,Eye Care Associates Perry,TRUE
2026-06-25,Eye Care Associates Stuart,TRUE
2026-06-25,Eyecare of Great Bend,TRUE
2026-06-25,Eyes on Eastern,TRUE
2026-06-25,Fort Collins,TRUE
2026-06-25,Geneva,FALSE
2026-06-25,Glen Mills,TRUE
2026-06-25,Grafton Family Eye Care,TRUE
2026-06-25,Hebron,TRUE
2026-06-25,Irving,TRUE
2026-06-25,Lake Mills,TRUE
2026-06-25,Lancaster,TRUE
2026-06-25,Larned Eye Health,TRUE
2026-06-25,Longmont,TRUE
2026-06-25,Madison,TRUE
2026-06-25,Maple Grove,TRUE
2026-06-25,Mitchell,TRUE
2026-06-25,Naperville,FALSE
2026-06-25,New Holstein Family Eye Care,TRUE
2026-06-25,Omaha,TRUE
2026-06-25,Orange City,TRUE
2026-06-25,Park Hills,TRUE
2026-06-25,Prosper,FALSE
2026-06-25,Sheboygan Family Eye Care,TRUE
2026-06-25,Tooele,TRUE
2026-06-25,Toronto Ontario Canada,TRUE
2026-06-25,Tulsa,TRUE
2026-06-25,Vision Source Atwood,TRUE
2026-06-25,Vision Source Burlington,TRUE
2026-06-25,Vision Source Colby,TRUE
2026-06-25,Vision Source Eye Center of the Triad Greensboro,TRUE
2026-06-25,Vision Source Eye Center of the Triad Oak Ridge,TRUE
2026-06-25,Vision Source Goodland,TRUE
2026-06-25,Vision Source Junction City,TRUE
2026-06-25,Vision Source Manhattan,TRUE
2026-06-25,Vision Source Oakley,TRUE
2026-06-25,Vision Source St Francis,TRUE
2026-06-25,Vision Source Wamego,TRUE
2026-06-25,Vision Source Wray,TRUE
2026-06-25,Vision Source Yuma,TRUE
2026-06-25,WVEA,TRUE
2026-06-25,Waupun,TRUE
2026-06-25,Wheaton,FALSE
2026-06-25,Woodridge,FALSE
2026-06-26,13th St,TRUE
2026-06-26,Asheville,TRUE
2026-06-26,Boston,TRUE
2026-06-26,Boynton Beach,TRUE
2026-06-26,Chilton Family Eye Care,TRUE
2026-06-26,Citrus Heights,TRUE
2026-06-26,Colchester,TRUE
2026-06-26,Dallas,TRUE
2026-06-26,Downtown,TRUE
2026-06-26,East Northport,TRUE
2026-06-26,Essex,TRUE
2026-06-26,Eye Care Associates Jefferson,TRUE
2026-06-26,Eye Care Associates Panora,TRUE
2026-06-26,Eye Care Associates Perry,TRUE
2026-06-26,Eye Care Associates Stuart,TRUE
2026-06-26,Eyecare of Great Bend,TRUE
2026-06-26,Eyes on Eastern,TRUE
2026-06-26,Fort Collins,TRUE
2026-06-26,Geneva,FALSE
2026-06-26,Glen Mills,TRUE
2026-06-26,Grafton Family Eye Care,TRUE
2026-06-26,Hebron,TRUE
2026-06-26,Irving,TRUE
2026-06-26,Lake Mills,TRUE
2026-06-26,Lancaster,TRUE
2026-06-26,Larned Eye Health,TRUE
2026-06-26,Longmont,TRUE
2026-06-26,Madison,TRUE
2026-06-26,Maple Grove,TRUE
2026-06-26,Mitchell,TRUE
2026-06-26,Naperville,FALSE
2026-06-26,New Holstein Family Eye Care,TRUE
2026-06-26,Omaha,TRUE
2026-06-26,Orange City,TRUE
2026-06-26,Park Hills,TRUE
2026-06-26,Prosper,TRUE
2026-06-26,Sheboygan Family Eye Care,TRUE
2026-06-26,Tooele,TRUE
2026-06-26,Toronto Ontario Canada,TRUE
2026-06-26,Tulsa,TRUE
2026-06-26,Vision Source Atwood,TRUE
2026-06-26,Vision Source Burlington,TRUE
2026-06-26,Vision Source Colby,TRUE
2026-06-26,Vision Source Eye Center of the Triad Greensboro,TRUE
2026-06-26,Vision Source Eye Center of the Triad Oak Ridge,TRUE
2026-06-26,Vision Source Goodland,TRUE
2026-06-26,Vision Source Junction City,TRUE
2026-06-26,Vision Source Manhattan,TRUE
2026-06-26,Vision Source Oakley,TRUE
2026-06-26,Vision Source St Francis,TRUE
2026-06-26,Vision Source Wamego,TRUE
2026-06-26,Vision Source Wray,TRUE
2026-06-26,Vision Source Yuma,TRUE
2026-06-26,WVEA,TRUE
2026-06-26,Waupun,TRUE
2026-06-26,Wheaton,FALSE
2026-06-26,Woodridge,FALSE
2026-06-27,13th St,TRUE
2026-06-27,Asheville,TRUE
2026-06-27,Boston,TRUE
2026-06-27,Boynton Beach,TRUE
2026-06-27,Chilton Family Eye Care,TRUE
2026-06-27,Citrus Heights,TRUE
2026-06-27,Colchester,TRUE
2026-06-27,Dallas,TRUE
2026-06-27,Downtown,TRUE
2026-06-27,East Northport,TRUE
2026-06-27,Essex,TRUE
2026-06-27,Eye Care Associates Jefferson,TRUE
2026-06-27,Eye Care Associates Panora,TRUE
2026-06-27,Eye Care Associates Perry,TRUE
2026-06-27,Eye Care Associates Stuart,TRUE
2026-06-27,Eyecare of Great Bend,FALSE
2026-06-27,Eyes on Eastern,TRUE
2026-06-27,Fort Collins,TRUE
2026-06-27,Geneva,FALSE
2026-06-27,Glen Mills,TRUE
2026-06-27,Grafton Family Eye Care,TRUE
2026-06-27,Hebron,TRUE
2026-06-27,Irving,TRUE
2026-06-27,Lake Mills,TRUE
2026-06-27,Lancaster,TRUE
2026-06-27,Larned Eye Health,TRUE
2026-06-27,Longmont,TRUE
2026-06-27,Madison,TRUE
2026-06-27,Maple Grove,TRUE
2026-06-27,Mitchell,TRUE
2026-06-27,Naperville,FALSE
2026-06-27,New Holstein Family Eye Care,TRUE
2026-06-27,Omaha,TRUE
2026-06-27,Orange City,TRUE
2026-06-27,Park Hills,TRUE
2026-06-27,Prosper,TRUE
2026-06-27,Sheboygan Family Eye Care,TRUE
2026-06-27,Tooele,TRUE
2026-06-27,Toronto Ontario Canada,TRUE
2026-06-27,Tulsa,TRUE
2026-06-27,Vision Source Atwood,TRUE
2026-06-27,Vision Source Burlington,FALSE
2026-06-27,Vision Source Colby,TRUE
2026-06-27,Vision Source Eye Center of the Triad Greensboro,TRUE
2026-06-27,Vision Source Eye Center of the Triad Oak Ridge,TRUE
2026-06-27,Vision Source Goodland,TRUE
2026-06-27,Vision Source Junction City,TRUE
2026-06-27,Vision Source Manhattan,TRUE
2026-06-27,Vision Source Oakley,TRUE
2026-06-27,Vision Source St Francis,TRUE
2026-06-27,Vision Source Wamego,TRUE
2026-06-27,Vision Source Wray,TRUE
2026-06-27,Vision Source Yuma,TRUE
2026-06-27,WVEA,TRUE
2026-06-27,Waupun,TRUE
2026-06-27,Wheaton,FALSE
2026-06-27,Woodridge,FALSE
2026-06-28,13th St,TRUE
2026-06-28,Asheville,TRUE
2026-06-28,Boston,TRUE
2026-06-28,Boynton Beach,TRUE
2026-06-28,Chilton Family Eye Care,TRUE
2026-06-28,Citrus Heights,TRUE
2026-06-28,Colchester,TRUE
2026-06-28,Dallas,TRUE
2026-06-28,Downtown,TRUE
2026-06-28,East Northport,TRUE
2026-06-28,Essex,TRUE
2026-06-28,Eye Care Associates Jefferson,TRUE
2026-06-28,Eye Care Associates Panora,TRUE
2026-06-28,Eye Care Associates Perry,TRUE
2026-06-28,Eye Care Associates Stuart,TRUE
2026-06-28,Eyecare of Great Bend,TRUE
2026-06-28,Eyes on Eastern,TRUE
2026-06-28,Fort Collins,TRUE
2026-06-28,Geneva,FALSE
2026-06-28,Glen Mills,TRUE
2026-06-28,Grafton Family Eye Care,FALSE
2026-06-28,Hebron,TRUE
2026-06-28,Irving,TRUE
2026-06-28,Lake Mills,TRUE
2026-06-28,Lancaster,TRUE
2026-06-28,Larned Eye Health,TRUE
2026-06-28,Longmont,TRUE
2026-06-28,Madison,TRUE
2026-06-28,Maple Grove,TRUE
2026-06-28,Mitchell,TRUE
2026-06-28,Naperville,FALSE
2026-06-28,New Holstein Family Eye Care,FALSE
2026-06-28,Omaha,TRUE
2026-06-28,Orange City,TRUE
2026-06-28,Park Hills,TRUE
2026-06-28,Prosper,TRUE
2026-06-28,Sheboygan Family Eye Care,TRUE
2026-06-28,Tooele,TRUE
2026-06-28,Toronto Ontario Canada,FALSE
2026-06-28,Tulsa,TRUE
2026-06-28,Vision Source Atwood,TRUE
2026-06-28,Vision Source Burlington,TRUE
2026-06-28,Vision Source Colby,TRUE
2026-06-28,Vision Source Eye Center of the Triad Greensboro,TRUE
2026-06-28,Vision Source Eye Center of the Triad Oak Ridge,TRUE
2026-06-28,Vision Source Goodland,TRUE
2026-06-28,Vision Source Junction City,TRUE
2026-06-28,Vision Source Manhattan,TRUE
2026-06-28,Vision Source Oakley,TRUE
2026-06-28,Vision Source St Francis,TRUE
2026-06-28,Vision Source Wamego,TRUE
2026-06-28,Vision Source Wray,TRUE
2026-06-28,Vision Source Yuma,TRUE
2026-06-28,WVEA,TRUE
2026-06-28,Waupun,TRUE
2026-06-28,Wheaton,FALSE
2026-06-28,Woodridge,FALSE
2026-06-29,13th St,TRUE
2026-06-29,Asheville,TRUE
2026-06-29,Boston,TRUE
2026-06-29,Boynton Beach,TRUE
2026-06-29,Chilton Family Eye Care,TRUE
2026-06-29,Citrus Heights,TRUE
2026-06-29,Colchester,TRUE
2026-06-29,Dallas,TRUE
2026-06-29,Downtown,TRUE
2026-06-29,East Northport,TRUE
2026-06-29,Essex,TRUE
2026-06-29,Eye Care Associates Jefferson,TRUE
2026-06-29,Eye Care Associates Panora,TRUE
2026-06-29,Eye Care Associates Perry,TRUE
2026-06-29,Eye Care Associates Stuart,TRUE
2026-06-29,Eyecare of Great Bend,TRUE
2026-06-29,Eyes on Eastern,TRUE
2026-06-29,Fort Collins,TRUE
2026-06-29,Geneva,FALSE
2026-06-29,Glen Mills,TRUE
2026-06-29,Grafton Family Eye Care,TRUE
2026-06-29,Hebron,TRUE
2026-06-29,Irving,TRUE
2026-06-29,Lake Mills,TRUE
2026-06-29,Lancaster,TRUE
2026-06-29,Larned Eye Health,TRUE
2026-06-29,Longmont,TRUE
2026-06-29,Madison,TRUE
2026-06-29,Maple Grove,TRUE
2026-06-29,Mitchell,TRUE
2026-06-29,Naperville,FALSE
2026-06-29,New Holstein Family Eye Care,TRUE
2026-06-29,Omaha,TRUE
2026-06-29,Orange City,TRUE
2026-06-29,Park Hills,TRUE
2026-06-29,Prosper,TRUE
2026-06-29,Sheboygan Family Eye Care,TRUE
2026-06-29,Tooele,TRUE
2026-06-29,Toronto Ontario Canada,TRUE
2026-06-29,Tulsa,TRUE
2026-06-29,Vision Source Atwood,TRUE
2026-06-29,Vision Source Burlington,TRUE
2026-06-29,Vision Source Colby,TRUE
2026-06-29,Vision Source Eye Center of the Triad Greensboro,TRUE
2026-06-29,Vision Source Eye Center of the Triad Oak Ridge,TRUE
2026-06-29,Vision Source Goodland,TRUE
2026-06-29,Vision Source Junction City,TRUE
2026-06-29,Vision Source Manhattan,TRUE
2026-06-29,Vision Source Oakley,TRUE
2026-06-29,Vision Source St Francis,TRUE
2026-06-29,Vision Source Wamego,TRUE
2026-06-29,Vision Source Wray,TRUE
2026-06-29,Vision Source Yuma,TRUE
2026-06-29,WVEA,TRUE
2026-06-29,Waupun,TRUE
2026-06-29,Wheaton,FALSE
2026-06-29,Woodridge,FALSE
2026-06-30,13th St,FALSE
2026-06-30,Asheville,TRUE
2026-06-30,Boston,TRUE
2026-06-30,Boynton Beach,TRUE
2026-06-30,Chilton Family Eye Care,TRUE
2026-06-30,Citrus Heights,TRUE
2026-06-30,Colchester,TRUE
2026-06-30,Dallas,TRUE
2026-06-30,Downtown,TRUE
2026-06-30,East Northport,TRUE
2026-06-30,Essex,TRUE
2026-06-30,Eye Care Associates Jefferson,TRUE
2026-06-30,Eye Care Associates Panora,TRUE
2026-06-30,Eye Care Associates Perry,TRUE
2026-06-30,Eye Care Associates Stuart,TRUE
2026-06-30,Eyecare of Great Bend,TRUE
2026-06-30,Eyes on Eastern,TRUE
2026-06-30,Fort Collins,TRUE
2026-06-30,Geneva,FALSE
2026-06-30,Glen Mills,TRUE
2026-06-30,Grafton Family Eye Care,TRUE
2026-06-30,Hebron,TRUE
2026-06-30,Irving,TRUE
2026-06-30,Lake Mills,FALSE
2026-06-30,Lancaster,TRUE
2026-06-30,Larned Eye Health,TRUE
2026-06-30,Longmont,TRUE
2026-06-30,Madison,TRUE
2026-06-30,Maple Grove,TRUE
2026-06-30,Mitchell,TRUE
2026-06-30,Naperville,FALSE
2026-06-30,New Holstein Family Eye Care,TRUE
2026-06-30,Omaha,FALSE
2026-06-30,Orange City,TRUE
2026-06-30,Park Hills,TRUE
2026-06-30,Prosper,TRUE
2026-06-30,Sheboygan Family Eye Care,TRUE
2026-06-30,Tooele,TRUE
2026-06-30,Toronto Ontario Canada,TRUE
2026-06-30,Tulsa,FALSE
2026-06-30,Vision Source Atwood,TRUE
2026-06-30,Vision Source Burlington,TRUE
2026-06-30,Vision Source Colby,TRUE
2026-06-30,Vision Source Eye Center of the Triad Greensboro,TRUE
2026-06-30,Vision Source Eye Center of the Triad Oak Ridge,TRUE
2026-06-30,Vision Source Goodland,TRUE
2026-06-30,Vision Source Junction City,TRUE
2026-06-30,Vision Source Manhattan,TRUE
2026-06-30,Vision Source Oakley,TRUE
2026-06-30,Vision Source St Francis,TRUE
2026-06-30,Vision Source Wamego,TRUE
2026-06-30,Vision Source Wray,TRUE
2026-06-30,Vision Source Yuma,TRUE
2026-06-30,WVEA,TRUE
2026-06-30,Waupun,FALSE
2026-06-30,Wheaton,FALSE
2026-06-30,Woodridge,FALSE
2026-07-01,13th St,TRUE
2026-07-01,Asheville,FALSE
2026-07-01,Boston,TRUE
2026-07-01,Boynton Beach,TRUE
2026-07-01,Chilton Family Eye Care,FALSE
2026-07-01,Citrus Heights,TRUE
2026-07-01,Colchester,FALSE
2026-07-01,Dallas,FALSE
2026-07-01,Downtown,FALSE
2026-07-01,East Northport,FALSE
2026-07-01,Essex,FALSE
2026-07-01,Eye Care Associates Jefferson,FALSE
2026-07-01,Eye Care Associates Panora,TRUE
2026-07-01,Eye Care Associates Perry,FALSE
2026-07-01,Eye Care Associates Stuart,TRUE
2026-07-01,Eyecare of Great Bend,FALSE
2026-07-01,Eyes on Eastern,FALSE
2026-07-01,Fort Collins,FALSE
2026-07-01,Geneva,FALSE
2026-07-01,Glen Mills,FALSE
2026-07-01,Grafton Family Eye Care,FALSE
2026-07-01,Hebron,FALSE
2026-07-01,Irving,TRUE
2026-07-01,Lake Mills,FALSE
2026-07-01,Lancaster,FALSE
2026-07-01,Larned Eye Health,FALSE
2026-07-01,Longmont,TRUE
2026-07-01,Madison,FALSE
2026-07-01,Maple Grove,FALSE
2026-07-01,Mitchell,FALSE
2026-07-01,Naperville,FALSE
2026-07-01,New Holstein Family Eye Care,FALSE
2026-07-01,Omaha,TRUE
2026-07-01,Orange City,TRUE
2026-07-01,Park Hills,FALSE
2026-07-01,Prosper,FALSE
2026-07-01,Sheboygan Family Eye Care,FALSE
2026-07-01,Tooele,FALSE
2026-07-01,Toronto Ontario Canada,FALSE
2026-07-01,Tulsa,FALSE
2026-07-01,Vision Source Atwood,FALSE
2026-07-01,Vision Source Burlington,TRUE
2026-07-01,Vision Source Colby,FALSE
2026-07-01,Vision Source Eye Center of the Triad Greensboro,FALSE
2026-07-01,Vision Source Eye Center of the Triad Oak Ridge,TRUE
2026-07-01,Vision Source Goodland,TRUE
2026-07-01,Vision Source Junction City,FALSE
2026-07-01,Vision Source Manhattan,TRUE
2026-07-01,Vision Source Oakley,FALSE
2026-07-01,Vision Source St Francis,FALSE
2026-07-01,Vision Source Wamego,TRUE
2026-07-01,Vision Source Wray,FALSE
2026-07-01,Vision Source Yuma,FALSE
2026-07-01,WVEA,FALSE
2026-07-01,Waupun,TRUE
2026-07-01,Wheaton,FALSE
2026-07-01,Woodridge,FALSE
2026-07-02,13th St,TRUE
2026-07-02,Asheville,TRUE
2026-07-02,Boston,FALSE
2026-07-02,Boynton Beach,FALSE
2026-07-02,Chilton Family Eye Care,TRUE
2026-07-02,Citrus Heights,TRUE
2026-07-02,Colchester,TRUE
2026-07-02,Dallas,TRUE
2026-07-02,Downtown,TRUE
2026-07-02,East Northport,TRUE
2026-07-02,Essex,TRUE
2026-07-02,Eye Care Associates Jefferson,TRUE
2026-07-02,Eye Care Associates Panora,TRUE
2026-07-02,Eye Care Associates Perry,TRUE
2026-07-02,Eye Care Associates Stuart,TRUE
2026-07-02,Eyecare of Great Bend,TRUE
2026-07-02,Eyes on Eastern,TRUE
2026-07-02,Fort Collins,TRUE
2026-07-02,Geneva,FALSE
2026-07-02,Glen Mills,TRUE
2026-07-02,Grafton Family Eye Care,TRUE
2026-07-02,Hebron,TRUE
2026-07-02,Irving,TRUE
2026-07-02,Lake Mills,TRUE
2026-07-02,Lancaster,TRUE
2026-07-02,Larned Eye Health,TRUE
2026-07-02,Longmont,TRUE
2026-07-02,Madison,TRUE
2026-07-02,Maple Grove,TRUE
2026-07-02,Mitchell,TRUE
2026-07-02,Naperville,FALSE
2026-07-02,New Holstein Family Eye Care,TRUE
2026-07-02,Omaha,TRUE
2026-07-02,Orange City,TRUE
2026-07-02,Park Hills,TRUE
2026-07-02,Prosper,TRUE
2026-07-02,Sheboygan Family Eye Care,TRUE
2026-07-02,Tooele,TRUE
2026-07-02,Toronto Ontario Canada,TRUE
2026-07-02,Tulsa,TRUE
2026-07-02,Vision Source Atwood,TRUE
2026-07-02,Vision Source Burlington,TRUE
2026-07-02,Vision Source Colby,TRUE
2026-07-02,Vision Source Eye Center of the Triad Greensboro,TRUE
2026-07-02,Vision Source Eye Center of the Triad Oak Ridge,TRUE
2026-07-02,Vision Source Goodland,TRUE
2026-07-02,Vision Source Junction City,TRUE
2026-07-02,Vision Source Manhattan,TRUE
2026-07-02,Vision Source Oakley,TRUE
2026-07-02,Vision Source St Francis,TRUE
2026-07-02,Vision Source Wamego,TRUE
2026-07-02,Vision Source Wray,TRUE
2026-07-02,Vision Source Yuma,TRUE
2026-07-02,WVEA,TRUE
2026-07-02,Waupun,TRUE
2026-07-02,Wheaton,FALSE
2026-07-02,Woodridge,FALSE
2026-07-03,13th St,FALSE
2026-07-03,Asheville,TRUE
2026-07-03,Boston,TRUE
2026-07-03,Boynton Beach,TRUE
2026-07-03,Chilton Family Eye Care,TRUE
2026-07-03,Citrus Heights,TRUE
2026-07-03,Colchester,TRUE
2026-07-03,Dallas,TRUE
2026-07-03,Downtown,TRUE
2026-07-03,East Northport,TRUE
2026-07-03,Essex,TRUE
2026-07-03,Eye Care Associates Jefferson,TRUE
2026-07-03,Eye Care Associates Panora,TRUE
2026-07-03,Eye Care Associates Perry,TRUE
2026-07-03,Eye Care Associates Stuart,TRUE
2026-07-03,Eyecare of Great Bend,TRUE
2026-07-03,Eyes on Eastern,TRUE
2026-07-03,Fort Collins,TRUE
2026-07-03,Geneva,FALSE
2026-07-03,Glen Mills,TRUE
2026-07-03,Grafton Family Eye Care,TRUE
2026-07-03,Hebron,TRUE
2026-07-03,Irving,TRUE
2026-07-03,Lake Mills,TRUE
2026-07-03,Lancaster,TRUE
2026-07-03,Larned Eye Health,TRUE
2026-07-03,Longmont,TRUE
2026-07-03,Madison,FALSE
2026-07-03,Maple Grove,TRUE
2026-07-03,Mitchell,TRUE
2026-07-03,Naperville,FALSE
2026-07-03,New Holstein Family Eye Care,TRUE
2026-07-03,Omaha,TRUE
2026-07-03,Orange City,TRUE
2026-07-03,Park Hills,TRUE
2026-07-03,Prosper,TRUE
2026-07-03,Sheboygan Family Eye Care,TRUE
2026-07-03,Tooele,TRUE
2026-07-03,Toronto Ontario Canada,TRUE
2026-07-03,Tulsa,TRUE
2026-07-03,Vision Source Atwood,TRUE
2026-07-03,Vision Source Burlington,TRUE
2026-07-03,Vision Source Colby,TRUE
2026-07-03,Vision Source Eye Center of the Triad Greensboro,TRUE
2026-07-03,Vision Source Eye Center of the Triad Oak Ridge,TRUE
2026-07-03,Vision Source Goodland,TRUE
2026-07-03,Vision Source Junction City,TRUE
2026-07-03,Vision Source Manhattan,TRUE
2026-07-03,Vision Source Oakley,TRUE
2026-07-03,Vision Source St Francis,TRUE
2026-07-03,Vision Source Wamego,TRUE
2026-07-03,Vision Source Wray,TRUE
2026-07-03,Vision Source Yuma,TRUE
2026-07-03,WVEA,TRUE
2026-07-03,Waupun,TRUE
2026-07-03,Wheaton,FALSE
2026-07-03,Woodridge,FALSE
2026-07-04,13th St,FALSE
2026-07-04,Asheville,TRUE
2026-07-04,Boston,TRUE
2026-07-04,Boynton Beach,TRUE
2026-07-04,Chilton Family Eye Care,TRUE
2026-07-04,Citrus Heights,TRUE
2026-07-04,Colchester,TRUE
2026-07-04,Dallas,TRUE
2026-07-04,Downtown,TRUE
2026-07-04,East Northport,TRUE
2026-07-04,Essex,TRUE
2026-07-04,Eye Care Associates Jefferson,TRUE
2026-07-04,Eye Care Associates Panora,TRUE
2026-07-04,Eye Care Associates Perry,TRUE
2026-07-04,Eye Care Associates Stuart,TRUE
2026-07-04,Eyecare of Great Bend,TRUE
2026-07-04,Eyes on Eastern,TRUE
2026-07-04,Fort Collins,FALSE
2026-07-04,Geneva,FALSE
2026-07-04,Glen Mills,TRUE
2026-07-04,Grafton Family Eye Care,TRUE
2026-07-04,Hebron,TRUE
2026-07-04,Irving,TRUE
2026-07-04,Lake Mills,TRUE
2026-07-04,Lancaster,TRUE
2026-07-04,Larned Eye Health,TRUE
2026-07-04,Longmont,TRUE
2026-07-04,Madison,TRUE
2026-07-04,Maple Grove,TRUE
2026-07-04,Mitchell,TRUE
2026-07-04,Naperville,FALSE
2026-07-04,New Holstein Family Eye Care,TRUE
2026-07-04,Omaha,TRUE
2026-07-04,Orange City,TRUE
2026-07-04,Park Hills,TRUE
2026-07-04,Prosper,TRUE
2026-07-04,Sheboygan Family Eye Care,TRUE
2026-07-04,Tooele,TRUE
2026-07-04,Toronto Ontario Canada,FALSE
2026-07-04,Tulsa,TRUE
2026-07-04,Vision Source Atwood,TRUE
2026-07-04,Vision Source Burlington,FALSE
2026-07-04,Vision Source Colby,FALSE
2026-07-04,Vision Source Eye Center of the Triad Greensboro,TRUE
2026-07-04,Vision Source Eye Center of the Triad Oak Ridge,TRUE
2026-07-04,Vision Source Goodland,TRUE
2026-07-04,Vision Source Junction City,TRUE
2026-07-04,Vision Source Manhattan,TRUE
2026-07-04,Vision Source Oakley,TRUE
2026-07-04,Vision Source St Francis,TRUE
2026-07-04,Vision Source Wamego,TRUE
2026-07-04,Vision Source Wray,TRUE
2026-07-04,Vision Source Yuma,TRUE
2026-07-04,WVEA,TRUE
2026-07-04,Waupun,TRUE
2026-07-04,Wheaton,FALSE
2026-07-04,Woodridge,FALSE
2026-07-05,13th St,FALSE
2026-07-05,Asheville,TRUE
2026-07-05,Boston,TRUE
2026-07-05,Boynton Beach,TRUE
2026-07-05,Chilton Family Eye Care,TRUE
2026-07-05,Citrus Heights,TRUE
2026-07-05,Colchester,TRUE
2026-07-05,Dallas,TRUE
2026-07-05,Downtown,TRUE
2026-07-05,East Northport,TRUE
2026-07-05,Essex,TRUE
2026-07-05,Eye Care Associates Jefferson,TRUE
2026-07-05,Eye Care Associates Panora,TRUE
2026-07-05,Eye Care Associates Perry,TRUE
2026-07-05,Eye Care Associates Stuart,TRUE
2026-07-05,Eyecare of Great Bend,TRUE
2026-07-05,Eyes on Eastern,TRUE
2026-07-05,Fort Collins,FALSE
2026-07-05,Geneva,FALSE
2026-07-05,Glen Mills,TRUE
2026-07-05,Grafton Family Eye Care,TRUE
2026-07-05,Hebron,TRUE
2026-07-05,Irving,TRUE
2026-07-05,Lake Mills,TRUE
2026-07-05,Lancaster,TRUE
2026-07-05,Larned Eye Health,TRUE
2026-07-05,Longmont,TRUE
2026-07-05,Madison,TRUE
2026-07-05,Maple Grove,TRUE
2026-07-05,Mitchell,TRUE
2026-07-05,Naperville,FALSE
2026-07-05,New Holstein Family Eye Care,TRUE
2026-07-05,Omaha,TRUE
2026-07-05,Orange City,TRUE
2026-07-05,Park Hills,TRUE
2026-07-05,Prosper,TRUE
2026-07-05,Sheboygan Family Eye Care,TRUE
2026-07-05,Tooele,TRUE
2026-07-05,Toronto Ontario Canada,TRUE
2026-07-05,Tulsa,TRUE
2026-07-05,Vision Source Atwood,TRUE
2026-07-05,Vision Source Burlington,FALSE
2026-07-05,Vision Source Colby,TRUE
2026-07-05,Vision Source Eye Center of the Triad Greensboro,TRUE
2026-07-05,Vision Source Eye Center of the Triad Oak Ridge,TRUE
2026-07-05,Vision Source Goodland,TRUE
2026-07-05,Vision Source Junction City,TRUE
2026-07-05,Vision Source Manhattan,TRUE
2026-07-05,Vision Source Oakley,TRUE
2026-07-05,Vision Source St Francis,TRUE
2026-07-05,Vision Source Wamego,TRUE
2026-07-05,Vision Source Wray,TRUE
2026-07-05,Vision Source Yuma,TRUE
2026-07-05,WVEA,TRUE
2026-07-05,Waupun,TRUE
2026-07-05,Wheaton,FALSE
2026-07-05,Woodridge,FALSE
2026-07-06,13th St,TRUE
2026-07-06,Asheville,TRUE
2026-07-06,Boston,TRUE
2026-07-06,Boynton Beach,TRUE
2026-07-06,Chilton Family Eye Care,TRUE
2026-07-06,Citrus Heights,TRUE
2026-07-06,Colchester,TRUE
2026-07-06,Dallas,TRUE
2026-07-06,Downtown,TRUE
2026-07-06,East Northport,TRUE
2026-07-06,Essex,TRUE
2026-07-06,Eye Care Associates Jefferson,TRUE
2026-07-06,Eye Care Associates Panora,TRUE
2026-07-06,Eye Care Associates Perry,TRUE
2026-07-06,Eye Care Associates Stuart,TRUE
2026-07-06,Eyecare of Great Bend,TRUE
2026-07-06,Eyes on Eastern,TRUE
2026-07-06,Fort Collins,TRUE
2026-07-06,Geneva,FALSE
2026-07-06,Glen Mills,TRUE
2026-07-06,Grafton Family Eye Care,TRUE
2026-07-06,Hebron,TRUE
2026-07-06,Irving,TRUE
2026-07-06,Lake Mills,TRUE
2026-07-06,Lancaster,TRUE
2026-07-06,Larned Eye Health,TRUE
2026-07-06,Longmont,TRUE
2026-07-06,Madison,TRUE
2026-07-06,Maple Grove,TRUE
2026-07-06,Mitchell,TRUE
2026-07-06,Naperville,FALSE
2026-07-06,New Holstein Family Eye Care,TRUE
2026-07-06,Omaha,TRUE
2026-07-06,Orange City,TRUE
2026-07-06,Park Hills,TRUE
2026-07-06,Prosper,TRUE
2026-07-06,Sheboygan Family Eye Care,TRUE
2026-07-06,Tooele,TRUE
2026-07-06,Toronto Ontario Canada,FALSE
2026-07-06,Tulsa,TRUE
2026-07-06,Vision Source Atwood,TRUE
2026-07-06,Vision Source Burlington,TRUE
2026-07-06,Vision Source Colby,TRUE
2026-07-06,Vision Source Eye Center of the Triad Greensboro,TRUE
2026-07-06,Vision Source Eye Center of the Triad Oak Ridge,TRUE
2026-07-06,Vision Source Goodland,TRUE
2026-07-06,Vision Source Junction City,TRUE
2026-07-06,Vision Source Manhattan,TRUE
2026-07-06,Vision Source Oakley,TRUE
2026-07-06,Vision Source St Francis,TRUE
2026-07-06,Vision Source Wamego,TRUE
2026-07-06,Vision Source Wray,TRUE
2026-07-06,Vision Source Yuma,TRUE
2026-07-06,WVEA,TRUE
2026-07-06,Waupun,TRUE
2026-07-06,Wheaton,FALSE
2026-07-06,Woodridge,FALSE
2026-07-07,13th St,TRUE
2026-07-07,Asheville,TRUE
2026-07-07,Boston,TRUE
2026-07-07,Boynton Beach,TRUE
2026-07-07,Chilton Family Eye Care,TRUE
2026-07-07,Citrus Heights,TRUE
2026-07-07,Colchester,TRUE
2026-07-07,Dallas,TRUE
2026-07-07,Downtown,TRUE
2026-07-07,East Northport,TRUE
2026-07-07,Essex,TRUE
2026-07-07,Eye Care Associates Jefferson,TRUE
2026-07-07,Eye Care Associates Panora,TRUE
2026-07-07,Eye Care Associates Perry,TRUE
2026-07-07,Eye Care Associates Stuart,TRUE
2026-07-07,Eyecare of Great Bend,TRUE
2026-07-07,Eyes on Eastern,TRUE
2026-07-07,Fort Collins,TRUE
2026-07-07,Geneva,FALSE
2026-07-07,Glen Mills,TRUE
2026-07-07,Grafton Family Eye Care,TRUE
2026-07-07,Hebron,TRUE
2026-07-07,Irving,TRUE
2026-07-07,Lake Mills,TRUE
2026-07-07,Lancaster,FALSE
2026-07-07,Larned Eye Health,TRUE
2026-07-07,Longmont,TRUE
2026-07-07,Madison,FALSE
2026-07-07,Maple Grove,TRUE
2026-07-07,Mitchell,TRUE
2026-07-07,Naperville,FALSE
2026-07-07,New Holstein Family Eye Care,TRUE
2026-07-07,Omaha,TRUE
2026-07-07,Orange City,TRUE
2026-07-07,Park Hills,TRUE
2026-07-07,Prosper,TRUE
2026-07-07,Sheboygan Family Eye Care,FALSE
2026-07-07,Tooele,TRUE
2026-07-07,Toronto Ontario Canada,TRUE
2026-07-07,Tulsa,TRUE
2026-07-07,Vision Source Atwood,TRUE
2026-07-07,Vision Source Burlington,TRUE
2026-07-07,Vision Source Colby,TRUE
2026-07-07,Vision Source Eye Center of the Triad Greensboro,TRUE
2026-07-07,Vision Source Eye Center of the Triad Oak Ridge,TRUE
2026-07-07,Vision Source Goodland,TRUE
2026-07-07,Vision Source Junction City,TRUE
2026-07-07,Vision Source Manhattan,TRUE
2026-07-07,Vision Source Oakley,TRUE
2026-07-07,Vision Source St Francis,TRUE
2026-07-07,Vision Source Wamego,TRUE
2026-07-07,Vision Source Wray,TRUE
2026-07-07,Vision Source Yuma,TRUE
2026-07-07,WVEA,TRUE
2026-07-07,Waupun,TRUE
2026-07-07,Wheaton,FALSE
2026-07-07,Woodridge,FALSE
2026-07-08,13th St,FALSE
2026-07-08,Asheville,TRUE
2026-07-08,Boston,TRUE
2026-07-08,Boynton Beach,TRUE
2026-07-08,Chilton Family Eye Care,TRUE
2026-07-08,Citrus Heights,TRUE
2026-07-08,Colchester,TRUE
2026-07-08,Dallas,TRUE
2026-07-08,Downtown,TRUE
2026-07-08,East Northport,TRUE
2026-07-08,Essex,TRUE
2026-07-08,Eye Care Associates Jefferson,TRUE
2026-07-08,Eye Care Associates Panora,TRUE
2026-07-08,Eye Care Associates Perry,TRUE
2026-07-08,Eye Care Associates Stuart,TRUE
2026-07-08,Eyecare of Great Bend,TRUE
2026-07-08,Eyes on Eastern,TRUE
2026-07-08,Fort Collins,FALSE
2026-07-08,Geneva,FALSE
2026-07-08,Glen Mills,TRUE
2026-07-08,Grafton Family Eye Care,FALSE
2026-07-08,Hebron,TRUE
2026-07-08,Irving,TRUE
2026-07-08,Lake Mills,FALSE
2026-07-08,Lancaster,TRUE
2026-07-08,Larned Eye Health,TRUE
2026-07-08,Longmont,TRUE
2026-07-08,Madison,TRUE
2026-07-08,Maple Grove,TRUE
2026-07-08,Mitchell,TRUE
2026-07-08,Naperville,FALSE
2026-07-08,New Holstein Family Eye Care,TRUE
2026-07-08,Omaha,TRUE
2026-07-08,Orange City,TRUE
2026-07-08,Park Hills,TRUE
2026-07-08,Prosper,TRUE
2026-07-08,Sheboygan Family Eye Care,TRUE
2026-07-08,Tooele,TRUE
2026-07-08,Toronto Ontario Canada,FALSE
2026-07-08,Tulsa,TRUE
2026-07-08,Vision Source Atwood,TRUE
2026-07-08,Vision Source Burlington,TRUE
2026-07-08,Vision Source Colby,TRUE
2026-07-08,Vision Source Eye Center of the Triad Greensboro,TRUE
2026-07-08,Vision Source Eye Center of the Triad Oak Ridge,TRUE
2026-07-08,Vision Source Goodland,TRUE
2026-07-08,Vision Source Junction City,TRUE
2026-07-08,Vision Source Manhattan,TRUE
2026-07-08,Vision Source Oakley,TRUE
2026-07-08,Vision Source St Francis,TRUE
2026-07-08,Vision Source Wamego,TRUE
2026-07-08,Vision Source Wray,TRUE
2026-07-08,Vision Source Yuma,TRUE
2026-07-08,WVEA,TRUE
2026-07-08,Waupun,TRUE
2026-07-08,Wheaton,FALSE
2026-07-08,Woodridge,FALSE
2026-07-09,13th St,TRUE
2026-07-09,Asheville,TRUE
2026-07-09,Boston,TRUE
2026-07-09,Boynton Beach,TRUE
2026-07-09,Chilton Family Eye Care,TRUE
2026-07-09,Citrus Heights,FALSE
2026-07-09,Colchester,TRUE
2026-07-09,Dallas,TRUE
2026-07-09,Downtown,TRUE
2026-07-09,East Northport,TRUE
2026-07-09,Essex,TRUE
2026-07-09,Eye Care Associates Jefferson,TRUE
2026-07-09,Eye Care Associates Panora,TRUE
2026-07-09,Eye Care Associates Perry,TRUE
2026-07-09,Eye Care Associates Stuart,TRUE
2026-07-09,Eyecare of Great Bend,TRUE
2026-07-09,Eyes on Eastern,TRUE
2026-07-09,Fort Collins,TRUE
2026-07-09,Geneva,FALSE
2026-07-09,Glen Mills,TRUE
2026-07-09,Grafton Family Eye Care,TRUE
2026-07-09,Hebron,TRUE
2026-07-09,Irving,TRUE
2026-07-09,Lake Mills,TRUE
2026-07-09,Lancaster,TRUE
2026-07-09,Larned Eye Health,TRUE
2026-07-09,Longmont,TRUE
2026-07-09,Madison,TRUE
2026-07-09,Maple Grove,TRUE
2026-07-09,Mitchell,TRUE
2026-07-09,Naperville,FALSE
2026-07-09,New Holstein Family Eye Care,TRUE
2026-07-09,Omaha,TRUE
2026-07-09,Orange City,TRUE
2026-07-09,Park Hills,TRUE
2026-07-09,Prosper,TRUE
2026-07-09,Sheboygan Family Eye Care,TRUE
2026-07-09,Tooele,TRUE
2026-07-09,Toronto Ontario Canada,FALSE
2026-07-09,Tulsa,TRUE
2026-07-09,Vision Source Atwood,TRUE
2026-07-09,Vision Source Burlington,TRUE
2026-07-09,Vision Source Colby,TRUE
2026-07-09,Vision Source Eye Center of the Triad Greensboro,TRUE
2026-07-09,Vision Source Eye Center of the Triad Oak Ridge,TRUE
2026-07-09,Vision Source Goodland,TRUE
2026-07-09,Vision Source Junction City,TRUE
2026-07-09,Vision Source Manhattan,TRUE
2026-07-09,Vision Source Oakley,TRUE
2026-07-09,Vision Source St Francis,TRUE
2026-07-09,Vision Source Wamego,TRUE
2026-07-09,Vision Source Wray,TRUE
2026-07-09,Vision Source Yuma,TRUE
2026-07-09,WVEA,TRUE
2026-07-09,Waupun,TRUE
2026-07-09,Wheaton,FALSE
2026-07-09,Woodridge,FALSE
2026-07-10,13th St,FALSE
2026-07-10,Asheville,TRUE
2026-07-10,Boston,TRUE
2026-07-10,Boynton Beach,TRUE
2026-07-10,Chilton Family Eye Care,TRUE
2026-07-10,Citrus Heights,TRUE
2026-07-10,Colchester,TRUE
2026-07-10,Dallas,TRUE
2026-07-10,Downtown,TRUE
2026-07-10,East Northport,TRUE
2026-07-10,Essex,TRUE
2026-07-10,Eye Care Associates Jefferson,TRUE
2026-07-10,Eye Care Associates Panora,TRUE
2026-07-10,Eye Care Associates Perry,TRUE
2026-07-10,Eye Care Associates Stuart,TRUE
2026-07-10,Eyecare of Great Bend,TRUE
2026-07-10,Eyes on Eastern,TRUE
2026-07-10,Fort Collins,FALSE
2026-07-10,Geneva,FALSE
2026-07-10,Glen Mills,TRUE
2026-07-10,Grafton Family Eye Care,TRUE
2026-07-10,Hebron,TRUE
2026-07-10,Irving,TRUE
2026-07-10,Lake Mills,TRUE
2026-07-10,Lancaster,TRUE
2026-07-10,Larned Eye Health,TRUE
2026-07-10,Longmont,TRUE
2026-07-10,Madison,TRUE
2026-07-10,Maple Grove,TRUE
2026-07-10,Mitchell,TRUE
2026-07-10,Naperville,FALSE
2026-07-10,New Holstein Family Eye Care,TRUE
2026-07-10,Omaha,TRUE
2026-07-10,Orange City,TRUE
2026-07-10,Park Hills,TRUE
2026-07-10,Prosper,TRUE
2026-07-10,Sheboygan Family Eye Care,TRUE
2026-07-10,Tooele,TRUE
2026-07-10,Toronto Ontario Canada,TRUE
2026-07-10,Tulsa,TRUE
2026-07-10,Vision Source Atwood,TRUE
2026-07-10,Vision Source Burlington,TRUE
2026-07-10,Vision Source Colby,TRUE
2026-07-10,Vision Source Eye Center of the Triad Greensboro,TRUE
2026-07-10,Vision Source Eye Center of the Triad Oak Ridge,TRUE
2026-07-10,Vision Source Goodland,TRUE
2026-07-10,Vision Source Junction City,TRUE
2026-07-10,Vision Source Manhattan,TRUE
2026-07-10,Vision Source Oakley,TRUE
2026-07-10,Vision Source St Francis,TRUE
2026-07-10,Vision Source Wamego,TRUE
2026-07-10,Vision Source Wray,TRUE
2026-07-10,Vision Source Yuma,TRUE
2026-07-10,WVEA,TRUE
2026-07-10,Waupun,TRUE
2026-07-10,Wheaton,FALSE
2026-07-10,Woodridge,FALSE
2026-07-11,13th St,TRUE
2026-07-11,Asheville,TRUE
2026-07-11,Boston,TRUE
2026-07-11,Boynton Beach,TRUE
2026-07-11,Chilton Family Eye Care,TRUE
2026-07-11,Citrus Heights,TRUE
2026-07-11,Colchester,TRUE
2026-07-11,Dallas,TRUE
2026-07-11,Downtown,TRUE
2026-07-11,East Northport,TRUE
2026-07-11,Essex,TRUE
2026-07-11,Eye Care Associates Jefferson,TRUE
2026-07-11,Eye Care Associates Panora,TRUE
2026-07-11,Eye Care Associates Perry,TRUE
2026-07-11,Eye Care Associates Stuart,TRUE
2026-07-11,Eyecare of Great Bend,TRUE
2026-07-11,Eyes on Eastern,TRUE
2026-07-11,Fort Collins,FALSE
2026-07-11,Geneva,FALSE
2026-07-11,Glen Mills,TRUE
2026-07-11,Grafton Family Eye Care,TRUE
2026-07-11,Hebron,TRUE
2026-07-11,Irving,TRUE
2026-07-11,Lake Mills,TRUE
2026-07-11,Lancaster,TRUE
2026-07-11,Larned Eye Health,TRUE
2026-07-11,Longmont,TRUE
2026-07-11,Madison,TRUE
2026-07-11,Maple Grove,TRUE
2026-07-11,Mitchell,TRUE
2026-07-11,Naperville,FALSE
2026-07-11,New Holstein Family Eye Care,TRUE
2026-07-11,Omaha,TRUE
2026-07-11,Orange City,TRUE
2026-07-11,Park Hills,TRUE
2026-07-11,Prosper,TRUE
2026-07-11,Sheboygan Family Eye Care,TRUE
2026-07-11,Tooele,TRUE
2026-07-11,Toronto Ontario Canada,FALSE
2026-07-11,Tulsa,TRUE
2026-07-11,Vision Source Atwood,TRUE
2026-07-11,Vision Source Burlington,TRUE
2026-07-11,Vision Source Colby,TRUE
2026-07-11,Vision Source Eye Center of the Triad Greensboro,TRUE
2026-07-11,Vision Source Eye Center of the Triad Oak Ridge,TRUE
2026-07-11,Vision Source Goodland,TRUE
2026-07-11,Vision Source Junction City,TRUE
2026-07-11,Vision Source Manhattan,TRUE
2026-07-11,Vision Source Oakley,TRUE
2026-07-11,Vision Source St Francis,FALSE
2026-07-11,Vision Source Wamego,FALSE
2026-07-11,Vision Source Wray,TRUE
2026-07-11,Vision Source Yuma,TRUE
2026-07-11,WVEA,FALSE
2026-07-11,Waupun,TRUE
2026-07-11,Wheaton,FALSE
2026-07-11,Woodridge,FALSE
2026-07-12,13th St,TRUE
2026-07-12,Asheville,TRUE
2026-07-12,Boston,TRUE
2026-07-12,Boynton Beach,TRUE
2026-07-12,Chilton Family Eye Care,TRUE
2026-07-12,Citrus Heights,TRUE
2026-07-12,Colchester,TRUE
2026-07-12,Dallas,TRUE
2026-07-12,Downtown,TRUE
2026-07-12,East Northport,TRUE
2026-07-12,Essex,TRUE
2026-07-12,Eye Care Associates Jefferson,TRUE
2026-07-12,Eye Care Associates Panora,TRUE
2026-07-12,Eye Care Associates Perry,TRUE
2026-07-12,Eye Care Associates Stuart,TRUE
2026-07-12,Eyecare of Great Bend,TRUE
2026-07-12,Eyes on Eastern,TRUE
2026-07-12,Fort Collins,TRUE
2026-07-12,Geneva,FALSE
2026-07-12,Glen Mills,TRUE
2026-07-12,Grafton Family Eye Care,TRUE
2026-07-12,Hebron,TRUE
2026-07-12,Irving,TRUE
2026-07-12,Lake Mills,TRUE
2026-07-12,Lancaster,TRUE
2026-07-12,Larned Eye Health,TRUE
2026-07-12,Longmont,TRUE
2026-07-12,Madison,TRUE
2026-07-12,Maple Grove,TRUE
2026-07-12,Mitchell,TRUE
2026-07-12,Naperville,FALSE
2026-07-12,New Holstein Family Eye Care,TRUE
2026-07-12,Omaha,TRUE
2026-07-12,Orange City,TRUE
2026-07-12,Park Hills,TRUE
2026-07-12,Prosper,TRUE
2026-07-12,Sheboygan Family Eye Care,TRUE
2026-07-12,Tooele,TRUE
2026-07-12,Toronto Ontario Canada,TRUE
2026-07-12,Tulsa,TRUE
2026-07-12,Vision Source Atwood,TRUE
2026-07-12,Vision Source Burlington,TRUE
2026-07-12,Vision Source Colby,TRUE
2026-07-12,Vision Source Eye Center of the Triad Greensboro,TRUE
2026-07-12,Vision Source Eye Center of the Triad Oak Ridge,TRUE
2026-07-12,Vision Source Goodland,TRUE
2026-07-12,Vision Source Junction City,TRUE
2026-07-12,Vision Source Manhattan,TRUE
2026-07-12,Vision Source Oakley,TRUE
2026-07-12,Vision Source St Francis,TRUE
2026-07-12,Vision Source Wamego,TRUE
2026-07-12,Vision Source Wray,TRUE
2026-07-12,Vision Source Yuma,TRUE
2026-07-12,WVEA,TRUE
2026-07-12,Waupun,TRUE
2026-07-12,Wheaton,FALSE
2026-07-12,Woodridge,FALSE
2026-07-13,13th St,TRUE
2026-07-13,Asheville,TRUE
2026-07-13,Boston,TRUE
2026-07-13,Boynton Beach,TRUE
2026-07-13,Chilton Family Eye Care,TRUE
2026-07-13,Citrus Heights,TRUE
2026-07-13,Colchester,TRUE
2026-07-13,Dallas,TRUE
2026-07-13,Downtown,TRUE
2026-07-13,East Northport,TRUE
2026-07-13,Essex,TRUE
2026-07-13,Eye Care Associates Jefferson,TRUE
2026-07-13,Eye Care Associates Panora,TRUE
2026-07-13,Eye Care Associates Perry,TRUE
2026-07-13,Eye Care Associates Stuart,TRUE
2026-07-13,Eyecare of Great Bend,TRUE
2026-07-13,Eyes on Eastern,TRUE
2026-07-13,Fort Collins,TRUE
2026-07-13,Geneva,FALSE
2026-07-13,Glen Mills,TRUE
2026-07-13,Grafton Family Eye Care,TRUE
2026-07-13,Hebron,TRUE
2026-07-13,Irving,TRUE
2026-07-13,Lake Mills,TRUE
2026-07-13,Lancaster,TRUE
2026-07-13,Larned Eye Health,TRUE
2026-07-13,Longmont,TRUE
2026-07-13,Madison,TRUE
2026-07-13,Maple Grove,TRUE
2026-07-13,Mitchell,TRUE
2026-07-13,Naperville,FALSE
2026-07-13,New Holstein Family Eye Care,TRUE
2026-07-13,Omaha,TRUE
2026-07-13,Orange City,TRUE
2026-07-13,Park Hills,TRUE
2026-07-13,Prosper,TRUE
2026-07-13,Sheboygan Family Eye Care,TRUE
2026-07-13,Tooele,TRUE
2026-07-13,Toronto Ontario Canada,TRUE
2026-07-13,Tulsa,TRUE
2026-07-13,Vision Source Atwood,TRUE
2026-07-13,Vision Source Burlington,TRUE
2026-07-13,Vision Source Colby,TRUE
2026-07-13,Vision Source Eye Center of the Triad Greensboro,TRUE
2026-07-13,Vision Source Eye Center of the Triad Oak Ridge,TRUE
2026-07-13,Vision Source Goodland,TRUE
2026-07-13,Vision Source Junction City,TRUE
2026-07-13,Vision Source Manhattan,TRUE
2026-07-13,Vision Source Oakley,TRUE
2026-07-13,Vision Source St Francis,TRUE
2026-07-13,Vision Source Wamego,TRUE
2026-07-13,Vision Source Wray,TRUE
2026-07-13,Vision Source Yuma,TRUE
2026-07-13,WVEA,TRUE
2026-07-13,Waupun,TRUE
2026-07-13,Wheaton,FALSE
2026-07-13,Woodridge,FALSE
2026-07-14,13th St,TRUE
2026-07-14,Asheville,TRUE
2026-07-14,Boston,TRUE
2026-07-14,Boynton Beach,TRUE
2026-07-14,Chilton Family Eye Care,TRUE
2026-07-14,Citrus Heights,TRUE
2026-07-14,Colchester,TRUE
2026-07-14,Dallas,TRUE
2026-07-14,Downtown,TRUE
2026-07-14,East Northport,TRUE
2026-07-14,Essex,TRUE
2026-07-14,Eye Care Associates Jefferson,TRUE
2026-07-14,Eye Care Associates Panora,TRUE
2026-07-14,Eye Care Associates Perry,TRUE
2026-07-14,Eye Care Associates Stuart,TRUE
2026-07-14,Eyecare of Great Bend,TRUE
2026-07-14,Eyes on Eastern,TRUE
2026-07-14,Fort Collins,TRUE
2026-07-14,Geneva,FALSE
2026-07-14,Glen Mills,TRUE
2026-07-14,Grafton Family Eye Care,TRUE
2026-07-14,Hebron,TRUE
2026-07-14,Irving,TRUE
2026-07-14,Lake Mills,TRUE
2026-07-14,Lancaster,TRUE
2026-07-14,Larned Eye Health,TRUE
2026-07-14,Longmont,TRUE
2026-07-14,Madison,TRUE
2026-07-14,Maple Grove,TRUE
2026-07-14,Mitchell,TRUE
2026-07-14,Naperville,FALSE
2026-07-14,New Holstein Family Eye Care,TRUE
2026-07-14,Omaha,TRUE
2026-07-14,Orange City,TRUE
2026-07-14,Park Hills,TRUE
2026-07-14,Prosper,TRUE
2026-07-14,Sheboygan Family Eye Care,TRUE
2026-07-14,Tooele,TRUE
2026-07-14,Toronto Ontario Canada,TRUE
2026-07-14,Tulsa,TRUE
2026-07-14,Vision Source Atwood,TRUE
2026-07-14,Vision Source Burlington,TRUE
2026-07-14,Vision Source Colby,TRUE
2026-07-14,Vision Source Eye Center of the Triad Greensboro,TRUE
2026-07-14,Vision Source Eye Center of the Triad Oak Ridge,TRUE
2026-07-14,Vision Source Goodland,TRUE
2026-07-14,Vision Source Junction City,TRUE
2026-07-14,Vision Source Manhattan,TRUE
2026-07-14,Vision Source Oakley,TRUE
2026-07-14,Vision Source St Francis,TRUE
2026-07-14,Vision Source Wamego,TRUE
2026-07-14,Vision Source Wray,TRUE
2026-07-14,Vision Source Yuma,TRUE
2026-07-14,WVEA,TRUE
2026-07-14,Waupun,TRUE
2026-07-14,Wheaton,FALSE
2026-07-14,Woodridge,FALSE
2026-07-15,13th St,TRUE
2026-07-15,Asheville,TRUE
2026-07-15,Boston,TRUE
2026-07-15,Boynton Beach,TRUE
2026-07-15,Chilton Family Eye Care,TRUE
2026-07-15,Citrus Heights,TRUE
2026-07-15,Colchester,TRUE
2026-07-15,Dallas,TRUE
2026-07-15,Downtown,TRUE
2026-07-15,East Northport,TRUE
2026-07-15,Essex,TRUE
2026-07-15,Eye Care Associates Jefferson,TRUE
2026-07-15,Eye Care Associates Panora,TRUE
2026-07-15,Eye Care Associates Perry,TRUE
2026-07-15,Eye Care Associates Stuart,TRUE
2026-07-15,Eyecare of Great Bend,TRUE
2026-07-15,Eyes on Eastern,TRUE
2026-07-15,Fort Collins,TRUE
2026-07-15,Geneva,FALSE
2026-07-15,Glen Mills,TRUE
2026-07-15,Grafton Family Eye Care,TRUE
2026-07-15,Hebron,TRUE
2026-07-15,Irving,TRUE
2026-07-15,Lake Mills,TRUE
2026-07-15,Lancaster,TRUE
2026-07-15,Larned Eye Health,TRUE
2026-07-15,Longmont,TRUE
2026-07-15,Madison,TRUE
2026-07-15,Maple Grove,TRUE
2026-07-15,Mitchell,TRUE
2026-07-15,Naperville,FALSE
2026-07-15,New Holstein Family Eye Care,TRUE
2026-07-15,Omaha,TRUE
2026-07-15,Orange City,TRUE
2026-07-15,Park Hills,TRUE
2026-07-15,Prosper,TRUE
2026-07-15,Sheboygan Family Eye Care,TRUE
2026-07-15,Tooele,TRUE
2026-07-15,Toronto Ontario Canada,FALSE
2026-07-15,Tulsa,TRUE
2026-07-15,Vision Source Atwood,TRUE
2026-07-15,Vision Source Burlington,TRUE
2026-07-15,Vision Source Colby,TRUE
2026-07-15,Vision Source Eye Center of the Triad Greensboro,TRUE
2026-07-15,Vision Source Eye Center of the Triad Oak Ridge,TRUE
2026-07-15,Vision Source Goodland,TRUE
2026-07-15,Vision Source Junction City,TRUE
2026-07-15,Vision Source Manhattan,TRUE
2026-07-15,Vision Source Oakley,TRUE
2026-07-15,Vision Source St Francis,TRUE
2026-07-15,Vision Source Wamego,TRUE
2026-07-15,Vision Source Wray,TRUE
2026-07-15,Vision Source Yuma,TRUE
2026-07-15,WVEA,TRUE
2026-07-15,Waupun,TRUE
2026-07-15,Wheaton,FALSE
2026-07-15,Woodridge,FALSE
2026-07-16,13th St,TRUE
2026-07-16,Asheville,TRUE
2026-07-16,Boston,TRUE
2026-07-16,Boynton Beach,TRUE
2026-07-16,Chilton Family Eye Care,TRUE
2026-07-16,Citrus Heights,TRUE
2026-07-16,Colchester,TRUE
2026-07-16,Dallas,TRUE
2026-07-16,Downtown,TRUE
2026-07-16,East Northport,TRUE
2026-07-16,Essex,TRUE
2026-07-16,Eye Care Associates Jefferson,TRUE
2026-07-16,Eye Care Associates Panora,TRUE
2026-07-16,Eye Care Associates Perry,TRUE
2026-07-16,Eye Care Associates Stuart,TRUE
2026-07-16,Eyecare of Great Bend,TRUE
2026-07-16,Eyes on Eastern,TRUE
2026-07-16,Fort Collins,FALSE
2026-07-16,Geneva,FALSE
2026-07-16,Glen Mills,TRUE
2026-07-16,Grafton Family Eye Care,TRUE
2026-07-16,Hebron,TRUE
2026-07-16,Irving,TRUE
2026-07-16,Lake Mills,TRUE
2026-07-16,Lancaster,TRUE
2026-07-16,Larned Eye Health,TRUE
2026-07-16,Longmont,TRUE
2026-07-16,Madison,FALSE
2026-07-16,Maple Grove,TRUE
2026-07-16,Mitchell,TRUE
2026-07-16,Naperville,FALSE
2026-07-16,New Holstein Family Eye Care,TRUE
2026-07-16,Omaha,TRUE
2026-07-16,Orange City,TRUE
2026-07-16,Park Hills,TRUE
2026-07-16,Prosper,TRUE
2026-07-16,Sheboygan Family Eye Care,TRUE
2026-07-16,Tooele,TRUE
2026-07-16,Toronto Ontario Canada,TRUE
2026-07-16,Tulsa,TRUE
2026-07-16,Vision Source Atwood,TRUE
2026-07-16,Vision Source Burlington,TRUE
2026-07-16,Vision Source Colby,TRUE
2026-07-16,Vision Source Eye Center of the Triad Greensboro,TRUE
2026-07-16,Vision Source Eye Center of the Triad Oak Ridge,TRUE
2026-07-16,Vision Source Goodland,TRUE
2026-07-16,Vision Source Junction City,TRUE
2026-07-16,Vision Source Manhattan,TRUE
2026-07-16,Vision Source Oakley,TRUE
2026-07-16,Vision Source St Francis,TRUE
2026-07-16,Vision Source Wamego,TRUE
2026-07-16,Vision Source Wray,TRUE
2026-07-16,Vision Source Yuma,TRUE
2026-07-16,WVEA,TRUE
2026-07-16,Waupun,FALSE
2026-07-16,Wheaton,FALSE
2026-07-16,Woodridge,FALSE
2026-07-17,13th St,TRUE
2026-07-17,Asheville,TRUE
2026-07-17,Boston,TRUE
2026-07-17,Boynton Beach,TRUE
2026-07-17,Chilton Family Eye Care,TRUE
2026-07-17,Citrus Heights,TRUE
2026-07-17,Colchester,FALSE
2026-07-17,Dallas,TRUE
2026-07-17,Downtown,TRUE
2026-07-17,East Northport,TRUE
2026-07-17,Essex,TRUE
2026-07-17,Eye Care Associates Jefferson,TRUE
2026-07-17,Eye Care Associates Panora,TRUE
2026-07-17,Eye Care Associates Perry,TRUE
2026-07-17,Eye Care Associates Stuart,TRUE
2026-07-17,Eyecare of Great Bend,TRUE
2026-07-17,Eyes on Eastern,TRUE
2026-07-17,Fort Collins,TRUE
2026-07-17,Geneva,FALSE
2026-07-17,Glen Mills,TRUE
2026-07-17,Grafton Family Eye Care,TRUE
2026-07-17,Hebron,TRUE
2026-07-17,Irving,TRUE
2026-07-17,Lake Mills,TRUE
2026-07-17,Lancaster,TRUE
2026-07-17,Larned Eye Health,TRUE
2026-07-17,Longmont,TRUE
2026-07-17,Madison,TRUE
2026-07-17,Maple Grove,TRUE
2026-07-17,Mitchell,TRUE
2026-07-17,Naperville,FALSE
2026-07-17,New Holstein Family Eye Care,TRUE
2026-07-17,Omaha,TRUE
2026-07-17,Orange City,TRUE
2026-07-17,Park Hills,TRUE
2026-07-17,Prosper,TRUE
2026-07-17,Sheboygan Family Eye Care,TRUE
2026-07-17,Tooele,TRUE
2026-07-17,Toronto Ontario Canada,TRUE
2026-07-17,Tulsa,TRUE
2026-07-17,Vision Source Atwood,TRUE
2026-07-17,Vision Source Burlington,TRUE
2026-07-17,Vision Source Colby,TRUE
2026-07-17,Vision Source Eye Center of the Triad Greensboro,TRUE
2026-07-17,Vision Source Eye Center of the Triad Oak Ridge,TRUE
2026-07-17,Vision Source Goodland,TRUE
2026-07-17,Vision Source Junction City,TRUE
2026-07-17,Vision Source Manhattan,TRUE
2026-07-17,Vision Source Oakley,TRUE
2026-07-17,Vision Source St Francis,TRUE
2026-07-17,Vision Source Wamego,TRUE
2026-07-17,Vision Source Wray,TRUE
2026-07-17,Vision Source Yuma,TRUE
2026-07-17,WVEA,TRUE
2026-07-17,Waupun,TRUE
2026-07-17,Wheaton,FALSE
2026-07-17,Woodridge,FALSE
2026-07-18,13th St,TRUE
2026-07-18,Asheville,TRUE
2026-07-18,Boston,TRUE
2026-07-18,Boynton Beach,TRUE
2026-07-18,Chilton Family Eye Care,TRUE
2026-07-18,Citrus Heights,TRUE
2026-07-18,Colchester,TRUE
2026-07-18,Dallas,TRUE
2026-07-18,Downtown,TRUE
2026-07-18,East Northport,TRUE
2026-07-18,Essex,TRUE
2026-07-18,Eye Care Associates Jefferson,TRUE
2026-07-18,Eye Care Associates Panora,TRUE
2026-07-18,Eye Care Associates Perry,TRUE
2026-07-18,Eye Care Associates Stuart,TRUE
2026-07-18,Eyecare of Great Bend,TRUE
2026-07-18,Eyes on Eastern,TRUE
2026-07-18,Fort Collins,TRUE
2026-07-18,Geneva,FALSE
2026-07-18,Glen Mills,TRUE
2026-07-18,Grafton Family Eye Care,TRUE
2026-07-18,Hebron,TRUE
2026-07-18,Irving,TRUE
2026-07-18,Lake Mills,TRUE
2026-07-18,Lancaster,TRUE
2026-07-18,Larned Eye Health,TRUE
2026-07-18,Longmont,TRUE
2026-07-18,Madison,TRUE
2026-07-18,Maple Grove,TRUE
2026-07-18,Mitchell,TRUE
2026-07-18,Naperville,FALSE
2026-07-18,New Holstein Family Eye Care,TRUE
2026-07-18,Omaha,TRUE
2026-07-18,Orange City,TRUE
2026-07-18,Park Hills,TRUE
2026-07-18,Prosper,TRUE
2026-07-18,Sheboygan Family Eye Care,TRUE
2026-07-18,Tooele,TRUE
2026-07-18,Toronto Ontario Canada,TRUE
2026-07-18,Tulsa,TRUE
2026-07-18,Vision Source Atwood,TRUE
2026-07-18,Vision Source Burlington,TRUE
2026-07-18,Vision Source Colby,TRUE
2026-07-18,Vision Source Eye Center of the Triad Greensboro,TRUE
2026-07-18,Vision Source Eye Center of the Triad Oak Ridge,TRUE
2026-07-18,Vision Source Goodland,FALSE
2026-07-18,Vision Source Junction City,TRUE
2026-07-18,Vision Source Manhattan,TRUE
2026-07-18,Vision Source Oakley,TRUE
2026-07-18,Vision Source St Francis,TRUE
2026-07-18,Vision Source Wamego,TRUE
2026-07-18,Vision Source Wray,TRUE
2026-07-18,Vision Source Yuma,FALSE
2026-07-18,WVEA,TRUE
2026-07-18,Waupun,TRUE
2026-07-18,Wheaton,FALSE
2026-07-18,Woodridge,FALSE
2026-07-19,13th St,TRUE
2026-07-19,Asheville,TRUE
2026-07-19,Boston,TRUE
2026-07-19,Boynton Beach,TRUE
2026-07-19,Chilton Family Eye Care,TRUE
2026-07-19,Citrus Heights,TRUE
2026-07-19,Colchester,FALSE
2026-07-19,Dallas,TRUE
2026-07-19,Downtown,TRUE
2026-07-19,East Northport,TRUE
2026-07-19,Essex,FALSE
2026-07-19,Eye Care Associates Jefferson,TRUE
2026-07-19,Eye Care Associates Panora,TRUE
2026-07-19,Eye Care Associates Perry,TRUE
2026-07-19,Eye Care Associates Stuart,TRUE
2026-07-19,Eyecare of Great Bend,TRUE
2026-07-19,Eyes on Eastern,TRUE
2026-07-19,Fort Collins,TRUE
2026-07-19,Geneva,FALSE
2026-07-19,Glen Mills,TRUE
2026-07-19,Grafton Family Eye Care,TRUE
2026-07-19,Hebron,FALSE
2026-07-19,Irving,TRUE
2026-07-19,Lake Mills,TRUE
2026-07-19,Lancaster,TRUE
2026-07-19,Larned Eye Health,TRUE
2026-07-19,Longmont,TRUE
2026-07-19,Madison,TRUE
2026-07-19,Maple Grove,TRUE
2026-07-19,Mitchell,TRUE
2026-07-19,Naperville,FALSE
2026-07-19,New Holstein Family Eye Care,TRUE
2026-07-19,Omaha,TRUE
2026-07-19,Orange City,TRUE
2026-07-19,Park Hills,TRUE
2026-07-19,Prosper,TRUE
2026-07-19,Sheboygan Family Eye Care,TRUE
2026-07-19,Tooele,TRUE
2026-07-19,Toronto Ontario Canada,TRUE
2026-07-19,Tulsa,TRUE
2026-07-19,Vision Source Atwood,TRUE
2026-07-19,Vision Source Burlington,TRUE
2026-07-19,Vision Source Colby,TRUE
2026-07-19,Vision Source Eye Center of the Triad Greensboro,TRUE
2026-07-19,Vision Source Eye Center of the Triad Oak Ridge,TRUE
2026-07-19,Vision Source Goodland,FALSE
2026-07-19,Vision Source Junction City,TRUE
2026-07-19,Vision Source Manhattan,TRUE
2026-07-19,Vision Source Oakley,TRUE
2026-07-19,Vision Source St Francis,TRUE
2026-07-19,Vision Source Wamego,TRUE
2026-07-19,Vision Source Wray,FALSE
2026-07-19,Vision Source Yuma,FALSE
2026-07-19,WVEA,TRUE
2026-07-19,Waupun,TRUE
2026-07-19,Wheaton,FALSE
2026-07-19,Woodridge,FALSE
2026-07-20,13th St,TRUE
2026-07-20,Asheville,TRUE
2026-07-20,Boston,TRUE
2026-07-20,Boynton Beach,TRUE
2026-07-20,Chilton Family Eye Care,TRUE
2026-07-20,Citrus Heights,TRUE
2026-07-20,Colchester,TRUE
2026-07-20,Dallas,TRUE
2026-07-20,Downtown,TRUE
2026-07-20,East Northport,TRUE
2026-07-20,Essex,TRUE
2026-07-20,Eye Care Associates Jefferson,TRUE
2026-07-20,Eye Care Associates Panora,TRUE
2026-07-20,Eye Care Associates Perry,TRUE
2026-07-20,Eye Care Associates Stuart,TRUE
2026-07-20,Eyecare of Great Bend,TRUE
2026-07-20,Eyes on Eastern,TRUE
2026-07-20,Fort Collins,FALSE
2026-07-20,Geneva,FALSE
2026-07-20,Glen Mills,TRUE
2026-07-20,Grafton Family Eye Care,TRUE
2026-07-20,Hebron,TRUE
2026-07-20,Irving,TRUE
2026-07-20,Lake Mills,TRUE
2026-07-20,Lancaster,TRUE
2026-07-20,Larned Eye Health,TRUE
2026-07-20,Longmont,TRUE
2026-07-20,Madison,FALSE
2026-07-20,Maple Grove,TRUE
2026-07-20,Mitchell,TRUE
2026-07-20,Naperville,FALSE
2026-07-20,New Holstein Family Eye Care,TRUE
2026-07-20,Omaha,TRUE
2026-07-20,Orange City,TRUE
2026-07-20,Park Hills,TRUE
2026-07-20,Prosper,TRUE
2026-07-20,Sheboygan Family Eye Care,TRUE
2026-07-20,Tooele,TRUE
2026-07-20,Toronto Ontario Canada,TRUE
2026-07-20,Tulsa,TRUE
2026-07-20,Vision Source Atwood,TRUE
2026-07-20,Vision Source Burlington,TRUE
2026-07-20,Vision Source Colby,TRUE
2026-07-20,Vision Source Eye Center of the Triad Greensboro,TRUE
2026-07-20,Vision Source Eye Center of the Triad Oak Ridge,TRUE
2026-07-20,Vision Source Goodland,TRUE
2026-07-20,Vision Source Junction City,TRUE
2026-07-20,Vision Source Manhattan,FALSE
2026-07-20,Vision Source Oakley,TRUE
2026-07-20,Vision Source St Francis,TRUE
2026-07-20,Vision Source Wamego,TRUE
2026-07-20,Vision Source Wray,TRUE
2026-07-20,Vision Source Yuma,TRUE
2026-07-20,WVEA,TRUE
2026-07-20,Waupun,TRUE
2026-07-20,Wheaton,FALSE
2026-07-20,Woodridge,FALSE
2026-07-21,13th St,TRUE
2026-07-21,Asheville,TRUE
2026-07-21,Boston,TRUE
2026-07-21,Boynton Beach,TRUE
2026-07-21,Chilton Family Eye Care,TRUE
2026-07-21,Citrus Heights,TRUE
2026-07-21,Colchester,TRUE
2026-07-21,Dallas,TRUE
2026-07-21,Downtown,TRUE
2026-07-21,East Northport,TRUE
2026-07-21,Essex,TRUE
2026-07-21,Eye Care Associates Jefferson,TRUE
2026-07-21,Eye Care Associates Panora,TRUE
2026-07-21,Eye Care Associates Perry,TRUE
2026-07-21,Eye Care Associates Stuart,TRUE
2026-07-21,Eyecare of Great Bend,TRUE
2026-07-21,Eyes on Eastern,TRUE
2026-07-21,Fort Collins,FALSE
2026-07-21,Geneva,FALSE
2026-07-21,Glen Mills,TRUE
2026-07-21,Grafton Family Eye Care,TRUE
2026-07-21,Hebron,TRUE
2026-07-21,Irving,TRUE
2026-07-21,Lake Mills,TRUE
2026-07-21,Lancaster,TRUE
2026-07-21,Larned Eye Health,TRUE
2026-07-21,Longmont,TRUE
2026-07-21,Madison,FALSE
2026-07-21,Maple Grove,TRUE
2026-07-21,Mitchell,TRUE
2026-07-21,Naperville,FALSE
2026-07-21,New Holstein Family Eye Care,TRUE
2026-07-21,Omaha,TRUE
2026-07-21,Orange City,TRUE
2026-07-21,Park Hills,TRUE
2026-07-21,Prosper,TRUE
2026-07-21,Sheboygan Family Eye Care,TRUE
2026-07-21,Tooele,TRUE
2026-07-21,Toronto Ontario Canada,TRUE
2026-07-21,Tulsa,TRUE
2026-07-21,Vision Source Atwood,TRUE
2026-07-21,Vision Source Burlington,TRUE
2026-07-21,Vision Source Colby,TRUE
2026-07-21,Vision Source Eye Center of the Triad Greensboro,TRUE
2026-07-21,Vision Source Eye Center of the Triad Oak Ridge,TRUE
2026-07-21,Vision Source Goodland,TRUE
2026-07-21,Vision Source Junction City,TRUE
2026-07-21,Vision Source Manhattan,TRUE
2026-07-21,Vision Source Oakley,TRUE
2026-07-21,Vision Source St Francis,TRUE
2026-07-21,Vision Source Wamego,TRUE
2026-07-21,Vision Source Wray,TRUE
2026-07-21,Vision Source Yuma,TRUE
2026-07-21,WVEA,TRUE
2026-07-21,Waupun,TRUE
2026-07-21,Wheaton,FALSE
2026-07-21,Woodridge,FALSE
2026-07-22,13th St,FALSE
2026-07-22,Asheville,TRUE
2026-07-22,Boston,TRUE
2026-07-22,Boynton Beach,TRUE
2026-07-22,Chilton Family Eye Care,TRUE
2026-07-22,Citrus Heights,TRUE
2026-07-22,Colchester,TRUE
2026-07-22,Dallas,TRUE
2026-07-22,Downtown,TRUE
2026-07-22,East Northport,TRUE
2026-07-22,Essex,TRUE
2026-07-22,Eye Care Associates Jefferson,TRUE
2026-07-22,Eye Care Associates Panora,TRUE
2026-07-22,Eye Care Associates Perry,TRUE
2026-07-22,Eye Care Associates Stuart,TRUE
2026-07-22,Eyecare of Great Bend,TRUE
2026-07-22,Eyes on Eastern,TRUE
2026-07-22,Fort Collins,TRUE
2026-07-22,Geneva,FALSE
2026-07-22,Glen Mills,TRUE
2026-07-22,Grafton Family Eye Care,TRUE
2026-07-22,Hebron,TRUE
2026-07-22,Irving,TRUE
2026-07-22,Lake Mills,FALSE
2026-07-22,Lancaster,TRUE
2026-07-22,Larned Eye Health,TRUE
2026-07-22,Longmont,TRUE
2026-07-22,Madison,TRUE
2026-07-22,Maple Grove,TRUE
2026-07-22,Mitchell,TRUE
2026-07-22,Naperville,FALSE
2026-07-22,New Holstein Family Eye Care,TRUE
2026-07-22,Omaha,TRUE
2026-07-22,Orange City,TRUE
2026-07-22,Park Hills,TRUE
2026-07-22,Prosper,TRUE
2026-07-22,Sheboygan Family Eye Care,TRUE
2026-07-22,Tooele,TRUE
2026-07-22,Toronto Ontario Canada,FALSE
2026-07-22,Tulsa,TRUE
2026-07-22,Vision Source Atwood,TRUE
2026-07-22,Vision Source Burlington,TRUE
2026-07-22,Vision Source Colby,FALSE
2026-07-22,Vision Source Eye Center of the Triad Greensboro,FALSE
2026-07-22,Vision Source Eye Center of the Triad Oak Ridge,TRUE
2026-07-22,Vision Source Goodland,TRUE
2026-07-22,Vision Source Junction City,TRUE
2026-07-22,Vision Source Manhattan,TRUE
2026-07-22,Vision Source Oakley,TRUE
2026-07-22,Vision Source St Francis,TRUE
2026-07-22,Vision Source Wamego,TRUE
2026-07-22,Vision Source Wray,TRUE
2026-07-22,Vision Source Yuma,TRUE
2026-07-22,WVEA,TRUE
2026-07-22,Waupun,TRUE
2026-07-22,Wheaton,FALSE
2026-07-22,Woodridge,FALSE
2026-07-23,13th St,TRUE
2026-07-23,Asheville,TRUE
2026-07-23,Boston,FALSE
2026-07-23,Boynton Beach,TRUE
2026-07-23,Chilton Family Eye Care,TRUE
2026-07-23,Citrus Heights,TRUE
2026-07-23,Colchester,TRUE
2026-07-23,Dallas,TRUE
2026-07-23,Downtown,TRUE
2026-07-23,East Northport,TRUE
2026-07-23,Essex,TRUE
2026-07-23,Eye Care Associates Jefferson,TRUE
2026-07-23,Eye Care Associates Panora,TRUE
2026-07-23,Eye Care Associates Perry,TRUE
2026-07-23,Eye Care Associates Stuart,TRUE
2026-07-23,Eyecare of Great Bend,TRUE
2026-07-23,Eyes on Eastern,TRUE
2026-07-23,Fort Collins,FALSE
2026-07-23,Geneva,FALSE
2026-07-23,Glen Mills,TRUE
2026-07-23,Grafton Family Eye Care,TRUE
2026-07-23,Hebron,TRUE
2026-07-23,Irving,TRUE
2026-07-23,Lake Mills,TRUE
2026-07-23,Lancaster,TRUE
2026-07-23,Larned Eye Health,TRUE
2026-07-23,Longmont,TRUE
2026-07-23,Madison,TRUE
2026-07-23,Maple Grove,TRUE
2026-07-23,Mitchell,TRUE
2026-07-23,Naperville,FALSE
2026-07-23,New Holstein Family Eye Care,FALSE
2026-07-23,Omaha,TRUE
2026-07-23,Orange City,TRUE
2026-07-23,Park Hills,TRUE
2026-07-23,Prosper,TRUE
2026-07-23,Sheboygan Family Eye Care,TRUE
2026-07-23,Tooele,TRUE
2026-07-23,Toronto Ontario Canada,FALSE
2026-07-23,Tulsa,TRUE
2026-07-23,Vision Source Atwood,TRUE
2026-07-23,Vision Source Burlington,TRUE
2026-07-23,Vision Source Colby,TRUE
2026-07-23,Vision Source Eye Center of the Triad Greensboro,TRUE
2026-07-23,Vision Source Eye Center of the Triad Oak Ridge,TRUE
2026-07-23,Vision Source Goodland,TRUE
2026-07-23,Vision Source Junction City,TRUE
2026-07-23,Vision Source Manhattan,TRUE
2026-07-23,Vision Source Oakley,TRUE
2026-07-23,Vision Source St Francis,TRUE
2026-07-23,Vision Source Wamego,TRUE
2026-07-23,Vision Source Wray,TRUE
2026-07-23,Vision Source Yuma,TRUE
2026-07-23,WVEA,TRUE
2026-07-23,Waupun,TRUE
2026-07-23,Wheaton,FALSE
2026-07-23,Woodridge,FALSE
2026-07-24,13th St,TRUE
2026-07-24,Asheville,TRUE
2026-07-24,Boston,FALSE
2026-07-24,Boynton Beach,TRUE
2026-07-24,Chilton Family Eye Care,TRUE
2026-07-24,Citrus Heights,TRUE
2026-07-24,Colchester,TRUE
2026-07-24,Dallas,TRUE
2026-07-24,Downtown,TRUE
2026-07-24,East Northport,TRUE
2026-07-24,Essex,TRUE
2026-07-24,Eye Care Associates Jefferson,TRUE
2026-07-24,Eye Care Associates Panora,TRUE
2026-07-24,Eye Care Associates Perry,TRUE
2026-07-24,Eye Care Associates Stuart,TRUE
2026-07-24,Eyecare of Great Bend,TRUE
2026-07-24,Eyes on Eastern,TRUE
2026-07-24,Fort Collins,FALSE
2026-07-24,Geneva,FALSE
2026-07-24,Glen Mills,TRUE
2026-07-24,Grafton Family Eye Care,TRUE
2026-07-24,Hebron,TRUE
2026-07-24,Irving,TRUE
2026-07-24,Lake Mills,TRUE
2026-07-24,Lancaster,TRUE
2026-07-24,Larned Eye Health,TRUE
2026-07-24,Longmont,TRUE
2026-07-24,Madison,TRUE
2026-07-24,Maple Grove,TRUE
2026-07-24,Mitchell,TRUE
2026-07-24,Naperville,FALSE
2026-07-24,New Holstein Family Eye Care,TRUE
2026-07-24,Omaha,TRUE
2026-07-24,Orange City,TRUE
2026-07-24,Park Hills,TRUE
2026-07-24,Prosper,TRUE
2026-07-24,Sheboygan Family Eye Care,TRUE
2026-07-24,Tooele,TRUE
2026-07-24,Toronto Ontario Canada,FALSE
2026-07-24,Tulsa,TRUE
2026-07-24,Vision Source Atwood,TRUE
2026-07-24,Vision Source Burlington,TRUE
2026-07-24,Vision Source Colby,TRUE
2026-07-24,Vision Source Eye Center of the Triad Greensboro,TRUE
2026-07-24,Vision Source Eye Center of the Triad Oak Ridge,TRUE
2026-07-24,Vision Source Goodland,TRUE
2026-07-24,Vision Source Junction City,TRUE
2026-07-24,Vision Source Manhattan,TRUE
2026-07-24,Vision Source Oakley,TRUE
2026-07-24,Vision Source St Francis,TRUE
2026-07-24,Vision Source Wamego,TRUE
2026-07-24,Vision Source Wray,TRUE
2026-07-24,Vision Source Yuma,TRUE
2026-07-24,WVEA,TRUE
2026-07-24,Waupun,TRUE
2026-07-24,Wheaton,FALSE
2026-07-24,Woodridge,FALSE
2026-07-25,13th St,TRUE
2026-07-25,Asheville,TRUE
2026-07-25,Boston,FALSE
2026-07-25,Boynton Beach,TRUE
2026-07-25,Chilton Family Eye Care,TRUE
2026-07-25,Citrus Heights,TRUE
2026-07-25,Colchester,TRUE
2026-07-25,Dallas,TRUE
2026-07-25,Downtown,TRUE
2026-07-25,East Northport,TRUE
2026-07-25,Essex,TRUE
2026-07-25,Eye Care Associates Jefferson,TRUE
2026-07-25,Eye Care Associates Panora,TRUE
2026-07-25,Eye Care Associates Perry,TRUE
2026-07-25,Eye Care Associates Stuart,TRUE
2026-07-25,Eyecare of Great Bend,TRUE
2026-07-25,Eyes on Eastern,TRUE
2026-07-25,Fort Collins,TRUE
2026-07-25,Geneva,FALSE
2026-07-25,Glen Mills,TRUE
2026-07-25,Grafton Family Eye Care,TRUE
2026-07-25,Hebron,TRUE
2026-07-25,Irving,TRUE
2026-07-25,Lake Mills,TRUE
2026-07-25,Lancaster,TRUE
2026-07-25,Larned Eye Health,TRUE
2026-07-25,Longmont,TRUE
2026-07-25,Madison,TRUE
2026-07-25,Maple Grove,FALSE
2026-07-25,Mitchell,TRUE
2026-07-25,Naperville,FALSE
2026-07-25,New Holstein Family Eye Care,TRUE
2026-07-25,Omaha,TRUE
2026-07-25,Orange City,TRUE
2026-07-25,Park Hills,TRUE
2026-07-25,Prosper,TRUE
2026-07-25,Sheboygan Family Eye Care,TRUE
2026-07-25,Tooele,TRUE
2026-07-25,Toronto Ontario Canada,TRUE
2026-07-25,Tulsa,TRUE
2026-07-25,Vision Source Atwood,TRUE
2026-07-25,Vision Source Burlington,TRUE
2026-07-25,Vision Source Colby,TRUE
2026-07-25,Vision Source Eye Center of the Triad Greensboro,TRUE
2026-07-25,Vision Source Eye Center of the Triad Oak Ridge,TRUE
2026-07-25,Vision Source Goodland,TRUE
2026-07-25,Vision Source Junction City,TRUE
2026-07-25,Vision Source Manhattan,TRUE
2026-07-25,Vision Source Oakley,TRUE
2026-07-25,Vision Source St Francis,TRUE
2026-07-25,Vision Source Wamego,TRUE
2026-07-25,Vision Source Wray,TRUE
2026-07-25,Vision Source Yuma,TRUE
2026-07-25,WVEA,TRUE
2026-07-25,Waupun,TRUE
2026-07-25,Wheaton,FALSE
2026-07-25,Woodridge,FALSE
2026-07-26,13th St,TRUE
2026-07-26,Asheville,TRUE
2026-07-26,Boston,FALSE
2026-07-26,Boynton Beach,TRUE
2026-07-26,Chilton Family Eye Care,TRUE
2026-07-26,Citrus Heights,TRUE
2026-07-26,Colchester,TRUE
2026-07-26,Dallas,TRUE
2026-07-26,Downtown,TRUE
2026-07-26,East Northport,TRUE
2026-07-26,Essex,TRUE
2026-07-26,Eye Care Associates Jefferson,TRUE
2026-07-26,Eye Care Associates Panora,TRUE
2026-07-26,Eye Care Associates Perry,TRUE
2026-07-26,Eye Care Associates Stuart,TRUE
2026-07-26,Eyecare of Great Bend,TRUE
2026-07-26,Eyes on Eastern,TRUE
2026-07-26,Fort Collins,TRUE
2026-07-26,Geneva,FALSE
2026-07-26,Glen Mills,TRUE
2026-07-26,Grafton Family Eye Care,TRUE
2026-07-26,Hebron,TRUE
2026-07-26,Irving,TRUE
2026-07-26,Lake Mills,TRUE
2026-07-26,Lancaster,TRUE
2026-07-26,Larned Eye Health,TRUE
2026-07-26,Longmont,TRUE
2026-07-26,Madison,FALSE
2026-07-26,Maple Grove,FALSE
2026-07-26,Mitchell,TRUE
2026-07-26,Naperville,FALSE
2026-07-26,New Holstein Family Eye Care,TRUE
2026-07-26,Omaha,TRUE
2026-07-26,Orange City,TRUE
2026-07-26,Park Hills,TRUE
2026-07-26,Prosper,TRUE
2026-07-26,Sheboygan Family Eye Care,TRUE
2026-07-26,Tooele,TRUE
2026-07-26,Toronto Ontario Canada,FALSE
2026-07-26,Tulsa,TRUE
2026-07-26,Vision Source Atwood,TRUE
2026-07-26,Vision Source Burlington,TRUE
2026-07-26,Vision Source Colby,TRUE
2026-07-26,Vision Source Eye Center of the Triad Greensboro,TRUE
2026-07-26,Vision Source Eye Center of the Triad Oak Ridge,TRUE
2026-07-26,Vision Source Goodland,TRUE
2026-07-26,Vision Source Junction City,TRUE
2026-07-26,Vision Source Manhattan,TRUE
2026-07-26,Vision Source Oakley,TRUE
2026-07-26,Vision Source St Francis,TRUE
2026-07-26,Vision Source Wamego,TRUE
2026-07-26,Vision Source Wray,TRUE
2026-07-26,Vision Source Yuma,TRUE
2026-07-26,WVEA,TRUE
2026-07-26,Waupun,FALSE
2026-07-26,Wheaton,FALSE
2026-07-26,Woodridge,FALSE
2026-07-27,13th St,TRUE
2026-07-27,Asheville,TRUE
2026-07-27,Boston,FALSE
2026-07-27,Boynton Beach,TRUE
2026-07-27,Chilton Family Eye Care,TRUE
2026-07-27,Citrus Heights,TRUE
2026-07-27,Colchester,TRUE
2026-07-27,Dallas,TRUE
2026-07-27,Downtown,TRUE
2026-07-27,East Northport,TRUE
2026-07-27,Essex,TRUE
2026-07-27,Eye Care Associates Jefferson,FALSE
2026-07-27,Eye Care Associates Panora,TRUE
2026-07-27,Eye Care Associates Perry,TRUE
2026-07-27,Eye Care Associates Stuart,TRUE
2026-07-27,Eyecare of Great Bend,TRUE
2026-07-27,Eyes on Eastern,TRUE
2026-07-27,Fort Collins,TRUE
2026-07-27,Geneva,FALSE
2026-07-27,Glen Mills,TRUE
2026-07-27,Grafton Family Eye Care,TRUE
2026-07-27,Hebron,TRUE
2026-07-27,Irving,TRUE
2026-07-27,Lake Mills,TRUE
2026-07-27,Lancaster,TRUE
2026-07-27,Larned Eye Health,TRUE
2026-07-27,Longmont,TRUE
2026-07-27,Madison,TRUE
2026-07-27,Maple Grove,TRUE
2026-07-27,Mitchell,TRUE
2026-07-27,Naperville,FALSE
2026-07-27,New Holstein Family Eye Care,TRUE
2026-07-27,Omaha,TRUE
2026-07-27,Orange City,TRUE
2026-07-27,Park Hills,FALSE
2026-07-27,Prosper,TRUE
2026-07-27,Sheboygan Family Eye Care,TRUE
2026-07-27,Tooele,TRUE
2026-07-27,Toronto Ontario Canada,TRUE
2026-07-27,Tulsa,FALSE
2026-07-27,Vision Source Atwood,FALSE
2026-07-27,Vision Source Burlington,FALSE
2026-07-27,Vision Source Colby,FALSE
2026-07-27,Vision Source Eye Center of the Triad Greensboro,TRUE
2026-07-27,Vision Source Eye Center of the Triad Oak Ridge,TRUE
2026-07-27,Vision Source Goodland,FALSE
2026-07-27,Vision Source Junction City,TRUE
2026-07-27,Vision Source Manhattan,TRUE
2026-07-27,Vision Source Oakley,FALSE
2026-07-27,Vision Source St Francis,FALSE
2026-07-27,Vision Source Wamego,TRUE
2026-07-27,Vision Source Wray,FALSE
2026-07-27,Vision Source Yuma,FALSE
2026-07-27,WVEA,TRUE
2026-07-27,Waupun,TRUE
2026-07-27,Wheaton,FALSE
2026-07-27,Woodridge,FALSE
2026-07-28,13th St,FALSE
2026-07-28,Asheville,TRUE
2026-07-28,Boston,FALSE
2026-07-28,Boynton Beach,TRUE
2026-07-28,Chilton Family Eye Care,TRUE
2026-07-28,Citrus Heights,TRUE
2026-07-28,Colchester,TRUE
2026-07-28,Dallas,TRUE
2026-07-28,Downtown,TRUE
2026-07-28,East Northport,TRUE
2026-07-28,Essex,TRUE
2026-07-28,Eye Care Associates Jefferson,TRUE
2026-07-28,Eye Care Associates Panora,TRUE
2026-07-28,Eye Care Associates Perry,TRUE
2026-07-28,Eye Care Associates Stuart,TRUE
2026-07-28,Eyecare of Great Bend,TRUE
2026-07-28,Eyes on Eastern,TRUE
2026-07-28,Fort Collins,TRUE
2026-07-28,Geneva,FALSE
2026-07-28,Glen Mills,TRUE
2026-07-28,Grafton Family Eye Care,TRUE
2026-07-28,Hebron,TRUE
2026-07-28,Irving,TRUE
2026-07-28,Lake Mills,TRUE
2026-07-28,Lancaster,TRUE
2026-07-28,Larned Eye Health,TRUE
2026-07-28,Longmont,TRUE
2026-07-28,Madison,TRUE
2026-07-28,Maple Grove,TRUE
2026-07-28,Mitchell,TRUE
2026-07-28,Naperville,FALSE
2026-07-28,New Holstein Family Eye Care,TRUE
2026-07-28,Omaha,TRUE
2026-07-28,Orange City,TRUE
2026-07-28,Park Hills,TRUE
2026-07-28,Prosper,TRUE
2026-07-28,Sheboygan Family Eye Care,TRUE
2026-07-28,Tooele,TRUE
2026-07-28,Toronto Ontario Canada,TRUE
2026-07-28,Tulsa,TRUE
2026-07-28,Vision Source Atwood,TRUE
2026-07-28,Vision Source Burlington,TRUE
2026-07-28,Vision Source Colby,TRUE
2026-07-28,Vision Source Eye Center of the Triad Greensboro,TRUE
2026-07-28,Vision Source Eye Center of the Triad Oak Ridge,TRUE
2026-07-28,Vision Source Goodland,TRUE
2026-07-28,Vision Source Junction City,TRUE
2026-07-28,Vision Source Manhattan,TRUE
2026-07-28,Vision Source Oakley,TRUE
2026-07-28,Vision Source St Francis,TRUE
2026-07-28,Vision Source Wamego,TRUE
2026-07-28,Vision Source Wray,TRUE
2026-07-28,Vision Source Yuma,TRUE
2026-07-28,WVEA,TRUE
2026-07-28,Waupun,TRUE
2026-07-28,Wheaton,FALSE
2026-07-28,Woodridge,FALSE
2026-07-29,13th St,TRUE
2026-07-29,Asheville,TRUE
2026-07-29,Boston,FALSE
2026-07-29,Boynton Beach,TRUE
2026-07-29,Chilton Family Eye Care,TRUE
2026-07-29,Citrus Heights,TRUE
2026-07-29,Colchester,TRUE
2026-07-29,Dallas,TRUE
2026-07-29,Downtown,TRUE
2026-07-29,East Northport,TRUE
2026-07-29,Essex,TRUE
2026-07-29,Eye Care Associates Jefferson,TRUE
2026-07-29,Eye Care Associates Panora,TRUE
2026-07-29,Eye Care Associates Perry,TRUE
2026-07-29,Eye Care Associates Stuart,TRUE
2026-07-29,Eyecare of Great Bend,TRUE
2026-07-29,Eyes on Eastern,TRUE
2026-07-29,Fort Collins,FALSE
2026-07-29,Geneva,FALSE
2026-07-29,Glen Mills,TRUE
2026-07-29,Grafton Family Eye Care,TRUE
2026-07-29,Hebron,TRUE
2026-07-29,Irving,TRUE
2026-07-29,Lake Mills,TRUE
2026-07-29,Lancaster,TRUE
2026-07-29,Larned Eye Health,TRUE
2026-07-29,Longmont,TRUE
2026-07-29,Madison,TRUE
2026-07-29,Maple Grove,TRUE
2026-07-29,Mitchell,TRUE
2026-07-29,Naperville,FALSE
2026-07-29,New Holstein Family Eye Care,TRUE
2026-07-29,Omaha,TRUE
2026-07-29,Orange City,TRUE
2026-07-29,Park Hills,TRUE
2026-07-29,Prosper,TRUE
2026-07-29,Sheboygan Family Eye Care,TRUE
2026-07-29,Tooele,TRUE
2026-07-29,Toronto Ontario Canada,TRUE
2026-07-29,Tulsa,TRUE
2026-07-29,Vision Source Atwood,FALSE
2026-07-29,Vision Source Burlington,FALSE
2026-07-29,Vision Source Colby,TRUE
2026-07-29,Vision Source Eye Center of the Triad Greensboro,TRUE
2026-07-29,Vision Source Eye Center of the Triad Oak Ridge,TRUE
2026-07-29,Vision Source Goodland,FALSE
2026-07-29,Vision Source Junction City,TRUE
2026-07-29,Vision Source Manhattan,TRUE
2026-07-29,Vision Source Oakley,FALSE
2026-07-29,Vision Source St Francis,TRUE
2026-07-29,Vision Source Wamego,TRUE
2026-07-29,Vision Source Wray,TRUE
2026-07-29,Vision Source Yuma,TRUE
2026-07-29,WVEA,TRUE
2026-07-29,Waupun,TRUE
2026-07-29,Wheaton,FALSE
2026-07-29,Woodridge,FALSE
2026-07-30,13th St,TRUE
2026-07-30,Asheville,TRUE
2026-07-30,Boston,TRUE
2026-07-30,Boynton Beach,TRUE
2026-07-30,Chilton Family Eye Care,TRUE
2026-07-30,Citrus Heights,TRUE
2026-07-30,Colchester,TRUE
2026-07-30,Dallas,TRUE
2026-07-30,Downtown,TRUE
2026-07-30,East Northport,TRUE
2026-07-30,Essex,TRUE
2026-07-30,Eye Care Associates Jefferson,TRUE
2026-07-30,Eye Care Associates Panora,TRUE
2026-07-30,Eye Care Associates Perry,TRUE
2026-07-30,Eye Care Associates Stuart,TRUE
2026-07-30,Eyecare of Great Bend,FALSE
2026-07-30,Eyes on Eastern,TRUE
2026-07-30,Fort Collins,FALSE
2026-07-30,Geneva,FALSE
2026-07-30,Glen Mills,TRUE
2026-07-30,Grafton Family Eye Care,TRUE
2026-07-30,Hebron,TRUE
2026-07-30,Irving,TRUE
2026-07-30,Lake Mills,TRUE
2026-07-30,Lancaster,TRUE
2026-07-30,Larned Eye Health,FALSE
2026-07-30,Longmont,TRUE
2026-07-30,Madison,TRUE
2026-07-30,Maple Grove,TRUE
2026-07-30,Mitchell,TRUE
2026-07-30,Naperville,FALSE
2026-07-30,New Holstein Family Eye Care,TRUE
2026-07-30,Omaha,TRUE
2026-07-30,Orange City,TRUE
2026-07-30,Park Hills,TRUE
2026-07-30,Prosper,TRUE
2026-07-30,Sheboygan Family Eye Care,TRUE
2026-07-30,Tooele,TRUE
2026-07-30,Toronto Ontario Canada,TRUE
2026-07-30,Tulsa,TRUE
2026-07-30,Vision Source Atwood,TRUE
2026-07-30,Vision Source Burlington,TRUE
2026-07-30,Vision Source Colby,TRUE
2026-07-30,Vision Source Eye Center of the Triad Greensboro,TRUE
2026-07-30,Vision Source Eye Center of the Triad Oak Ridge,TRUE
2026-07-30,Vision Source Goodland,FALSE
2026-07-30,Vision Source Junction City,TRUE
2026-07-30,Vision Source Manhattan,TRUE
2026-07-30,Vision Source Oakley,FALSE
2026-07-30,Vision Source St Francis,TRUE
2026-07-30,Vision Source Wamego,TRUE
2026-07-30,Vision Source Wray,TRUE
2026-07-30,Vision Source Yuma,TRUE
2026-07-30,WVEA,TRUE
2026-07-30,Waupun,TRUE
2026-07-30,Wheaton,FALSE
2026-07-30,Woodridge,FALSE
2026-07-31,13th St,TRUE
2026-07-31,Asheville,TRUE
2026-07-31,Boston,FALSE
2026-07-31,Boynton Beach,TRUE
2026-07-31,Chilton Family Eye Care,TRUE
2026-07-31,Citrus Heights,TRUE
2026-07-31,Colchester,TRUE
2026-07-31,Dallas,TRUE
2026-07-31,Downtown,TRUE
2026-07-31,East Northport,TRUE
2026-07-31,Essex,TRUE
2026-07-31,Eye Care Associates Jefferson,TRUE
2026-07-31,Eye Care Associates Panora,TRUE
2026-07-31,Eye Care Associates Perry,TRUE
2026-07-31,Eye Care Associates Stuart,TRUE
2026-07-31,Eyecare of Great Bend,FALSE
2026-07-31,Eyes on Eastern,TRUE
2026-07-31,Fort Collins,TRUE
2026-07-31,Geneva,FALSE
2026-07-31,Glen Mills,TRUE
2026-07-31,Grafton Family Eye Care,TRUE
2026-07-31,Hebron,TRUE
2026-07-31,Irving,TRUE
2026-07-31,Lake Mills,TRUE
2026-07-31,Lancaster,TRUE
2026-07-31,Larned Eye Health,FALSE
2026-07-31,Longmont,TRUE
2026-07-31,Madison,TRUE
2026-07-31,Maple Grove,TRUE
2026-07-31,Mitchell,TRUE
2026-07-31,Naperville,FALSE
2026-07-31,New Holstein Family Eye Care,TRUE
2026-07-31,Omaha,TRUE
2026-07-31,Orange City,TRUE
2026-07-31,Park Hills,TRUE
2026-07-31,Prosper,TRUE
2026-07-31,Sheboygan Family Eye Care,TRUE
2026-07-31,Tooele,TRUE
2026-07-31,Toronto Ontario Canada,TRUE
2026-07-31,Tulsa,TRUE
2026-07-31,Vision Source Atwood,FALSE
2026-07-31,Vision Source Burlington,FALSE
2026-07-31,Vision Source Colby,TRUE
2026-07-31,Vision Source Eye Center of the Triad Greensboro,TRUE
2026-07-31,Vision Source Eye Center of the Triad Oak Ridge,TRUE
2026-07-31,Vision Source Goodland,TRUE
2026-07-31,Vision Source Junction City,TRUE
2026-07-31,Vision Source Manhattan,TRUE
2026-07-31,Vision Source Oakley,FALSE
2026-07-31,Vision Source St Francis,TRUE
2026-07-31,Vision Source Wamego,TRUE
2026-07-31,Vision Source Wray,TRUE
2026-07-31,Vision Source Yuma,TRUE
2026-07-31,WVEA,TRUE
2026-07-31,Waupun,TRUE
2026-07-31,Wheaton,FALSE
2026-07-31,Woodridge,FALSE
2026-08-01,13th St,TRUE
2026-08-01,Asheville,TRUE
2026-08-01,Boston,TRUE
2026-08-01,Boynton Beach,TRUE
2026-08-01,Chilton Family Eye Care,TRUE
2026-08-01,Citrus Heights,TRUE
2026-08-01,Colchester,TRUE
2026-08-01,Dallas,TRUE
2026-08-01,Downtown,TRUE
2026-08-01,East Northport,TRUE
2026-08-01,Essex,TRUE
2026-08-01,Eye Care Associates Jefferson,TRUE
2026-08-01,Eye Care Associates Panora,TRUE
2026-08-01,Eye Care Associates Perry,TRUE
2026-08-01,Eye Care Associates Stuart,TRUE
2026-08-01,Eyecare of Great Bend,FALSE
2026-08-01,Eyes on Eastern,TRUE
2026-08-01,Fort Collins,FALSE
2026-08-01,Geneva,FALSE
2026-08-01,Glen Mills,TRUE
2026-08-01,Grafton Family Eye Care,TRUE
2026-08-01,Hebron,TRUE
2026-08-01,Irving,TRUE
2026-08-01,Lake Mills,TRUE
2026-08-01,Lancaster,TRUE
2026-08-01,Larned Eye Health,FALSE
2026-08-01,Longmont,TRUE
2026-08-01,Madison,TRUE
2026-08-01,Maple Grove,TRUE
2026-08-01,Mitchell,TRUE
2026-08-01,Naperville,FALSE
2026-08-01,New Holstein Family Eye Care,TRUE
2026-08-01,Omaha,TRUE
2026-08-01,Orange City,TRUE
2026-08-01,Park Hills,TRUE
2026-08-01,Prosper,TRUE
2026-08-01,Sheboygan Family Eye Care,TRUE
2026-08-01,Tooele,TRUE
2026-08-01,Toronto Ontario Canada,TRUE
2026-08-01,Tulsa,TRUE
2026-08-01,Vision Source Atwood,TRUE
2026-08-01,Vision Source Burlington,TRUE
2026-08-01,Vision Source Colby,FALSE
2026-08-01,Vision Source Eye Center of the Triad Greensboro,TRUE
2026-08-01,Vision Source Eye Center of the Triad Oak Ridge,TRUE
2026-08-01,Vision Source Goodland,FALSE
2026-08-01,Vision Source Junction City,TRUE
2026-08-01,Vision Source Manhattan,TRUE
2026-08-01,Vision Source Oakley,FALSE
2026-08-01,Vision Source St Francis,TRUE
2026-08-01,Vision Source Wamego,TRUE
2026-08-01,Vision Source Wray,FALSE
2026-08-01,Vision Source Yuma,TRUE
2026-08-01,WVEA,TRUE
2026-08-01,Waupun,TRUE
2026-08-01,Wheaton,FALSE
2026-08-01,Woodridge,FALSE
2026-08-02,13th St,TRUE
2026-08-02,Asheville,TRUE
2026-08-02,Boston,TRUE
2026-08-02,Boynton Beach,TRUE
2026-08-02,Chilton Family Eye Care,TRUE
2026-08-02,Citrus Heights,TRUE
2026-08-02,Colchester,TRUE
2026-08-02,Dallas,TRUE
2026-08-02,Downtown,TRUE
2026-08-02,East Northport,TRUE
2026-08-02,Essex,TRUE
2026-08-02,Eye Care Associates Jefferson,TRUE
2026-08-02,Eye Care Associates Panora,TRUE
2026-08-02,Eye Care Associates Perry,TRUE
2026-08-02,Eye Care Associates Stuart,TRUE
2026-08-02,Eyecare of Great Bend,FALSE
2026-08-02,Eyes on Eastern,TRUE
2026-08-02,Fort Collins,TRUE
2026-08-02,Geneva,FALSE
2026-08-02,Glen Mills,TRUE
2026-08-02,Grafton Family Eye Care,TRUE
2026-08-02,Hebron,TRUE
2026-08-02,Irving,TRUE
2026-08-02,Lake Mills,TRUE
2026-08-02,Lancaster,TRUE
2026-08-02,Larned Eye Health,FALSE
2026-08-02,Longmont,TRUE
2026-08-02,Madison,TRUE
2026-08-02,Maple Grove,TRUE
2026-08-02,Mitchell,TRUE
2026-08-02,Naperville,FALSE
2026-08-02,New Holstein Family Eye Care,TRUE
2026-08-02,Omaha,TRUE
2026-08-02,Orange City,TRUE
2026-08-02,Park Hills,TRUE
2026-08-02,Prosper,TRUE
2026-08-02,Sheboygan Family Eye Care,TRUE
2026-08-02,Tooele,TRUE
2026-08-02,Toronto Ontario Canada,TRUE
2026-08-02,Tulsa,TRUE
2026-08-02,Vision Source Atwood,TRUE
2026-08-02,Vision Source Burlington,TRUE
2026-08-02,Vision Source Colby,TRUE
2026-08-02,Vision Source Eye Center of the Triad Greensboro,TRUE
2026-08-02,Vision Source Eye Center of the Triad Oak Ridge,TRUE
2026-08-02,Vision Source Goodland,TRUE
2026-08-02,Vision Source Junction City,TRUE
2026-08-02,Vision Source Manhattan,TRUE
2026-08-02,Vision Source Oakley,FALSE
2026-08-02,Vision Source St Francis,TRUE
2026-08-02,Vision Source Wamego,TRUE
2026-08-02,Vision Source Wray,FALSE
2026-08-02,Vision Source Yuma,TRUE
2026-08-02,WVEA,TRUE
2026-08-02,Waupun,TRUE
2026-08-02,Wheaton,FALSE
2026-08-02,Woodridge,FALSE
2026-08-03,13th St,TRUE
2026-08-03,Asheville,FALSE
2026-08-03,Boston,TRUE
2026-08-03,Boynton Beach,TRUE
2026-08-03,Chilton Family Eye Care,TRUE
2026-08-03,Citrus Heights,TRUE
2026-08-03,Colchester,TRUE
2026-08-03,Dallas,TRUE
2026-08-03,Downtown,TRUE
2026-08-03,East Northport,TRUE
2026-08-03,Essex,TRUE
2026-08-03,Eye Care Associates Jefferson,TRUE
2026-08-03,Eye Care Associates Panora,TRUE
2026-08-03,Eye Care Associates Perry,TRUE
2026-08-03,Eye Care Associates Stuart,TRUE
2026-08-03,Eyecare of Great Bend,FALSE
2026-08-03,Eyes on Eastern,TRUE
2026-08-03,Fort Collins,TRUE
2026-08-03,Geneva,FALSE
2026-08-03,Glen Mills,TRUE
2026-08-03,Grafton Family Eye Care,TRUE
2026-08-03,Hebron,TRUE
2026-08-03,Irving,TRUE
2026-08-03,Lake Mills,TRUE
2026-08-03,Lancaster,TRUE
2026-08-03,Larned Eye Health,FALSE
2026-08-03,Longmont,TRUE
2026-08-03,Madison,FALSE
2026-08-03,Maple Grove,TRUE
2026-08-03,Mitchell,TRUE
2026-08-03,Naperville,FALSE
2026-08-03,New Holstein Family Eye Care,TRUE
2026-08-03,Omaha,TRUE
2026-08-03,Orange City,TRUE
2026-08-03,Park Hills,TRUE
2026-08-03,Prosper,TRUE
2026-08-03,Sheboygan Family Eye Care,TRUE
2026-08-03,Tooele,TRUE
2026-08-03,Toronto Ontario Canada,TRUE
2026-08-03,Tulsa,TRUE
2026-08-03,Vision Source Atwood,TRUE
2026-08-03,Vision Source Burlington,FALSE
2026-08-03,Vision Source Colby,TRUE
2026-08-03,Vision Source Eye Center of the Triad Greensboro,TRUE
2026-08-03,Vision Source Eye Center of the Triad Oak Ridge,TRUE
2026-08-03,Vision Source Goodland,TRUE
2026-08-03,Vision Source Junction City,TRUE
2026-08-03,Vision Source Manhattan,TRUE
2026-08-03,Vision Source Oakley,TRUE
2026-08-03,Vision Source St Francis,TRUE
2026-08-03,Vision Source Wamego,TRUE
2026-08-03,Vision Source Wray,TRUE
2026-08-03,Vision Source Yuma,TRUE
2026-08-03,WVEA,TRUE
2026-08-03,Waupun,FALSE
2026-08-03,Wheaton,FALSE
2026-08-03,Woodridge,FALSE
2026-08-04,13th St,FALSE
2026-08-04,Asheville,TRUE
2026-08-04,Boston,TRUE
2026-08-04,Boynton Beach,TRUE
2026-08-04,Chilton Family Eye Care,FALSE
2026-08-04,Citrus Heights,TRUE
2026-08-04,Colchester,TRUE
2026-08-04,Dallas,TRUE
2026-08-04,Downtown,TRUE
2026-08-04,East Northport,TRUE
2026-08-04,Essex,TRUE
2026-08-04,Eye Care Associates Jefferson,TRUE
2026-08-04,Eye Care Associates Panora,TRUE
2026-08-04,Eye Care Associates Perry,TRUE
2026-08-04,Eye Care Associates Stuart,TRUE
2026-08-04,Eyecare of Great Bend,FALSE
2026-08-04,Eyes on Eastern,TRUE
2026-08-04,Fort Collins,TRUE
2026-08-04,Geneva,FALSE
2026-08-04,Glen Mills,TRUE
2026-08-04,Grafton Family Eye Care,FALSE
2026-08-04,Hebron,TRUE
2026-08-04,Irving,TRUE
2026-08-04,Lake Mills,TRUE
2026-08-04,Lancaster,TRUE
2026-08-04,Larned Eye Health,FALSE
2026-08-04,Longmont,TRUE
2026-08-04,Madison,FALSE
2026-08-04,Maple Grove,TRUE
2026-08-04,Mitchell,TRUE
2026-08-04,Naperville,FALSE
2026-08-04,New Holstein Family Eye Care,FALSE
2026-08-04,Omaha,TRUE
2026-08-04,Orange City,TRUE
2026-08-04,Park Hills,TRUE
2026-08-04,Prosper,TRUE
2026-08-04,Sheboygan Family Eye Care,FALSE
2026-08-04,Tooele,TRUE
2026-08-04,Toronto Ontario Canada,FALSE
2026-08-04,Tulsa,TRUE
2026-08-04,Vision Source Atwood,TRUE
2026-08-04,Vision Source Burlington,TRUE
2026-08-04,Vision Source Colby,TRUE
2026-08-04,Vision Source Eye Center of the Triad Greensboro,TRUE
2026-08-04,Vision Source Eye Center of the Triad Oak Ridge,TRUE
2026-08-04,Vision Source Goodland,TRUE
2026-08-04,Vision Source Junction City,TRUE
2026-08-04,Vision Source Manhattan,TRUE
2026-08-04,Vision Source Oakley,TRUE
2026-08-04,Vision Source St Francis,TRUE
2026-08-04,Vision Source Wamego,TRUE
2026-08-04,Vision Source Wray,TRUE
2026-08-04,Vision Source Yuma,TRUE
2026-08-04,WVEA,TRUE
2026-08-04,Waupun,TRUE
2026-08-04,Wheaton,FALSE
2026-08-04,Woodridge,FALSE
2026-08-05,13th St,TRUE
2026-08-05,Asheville,TRUE
2026-08-05,Boston,TRUE
2026-08-05,Boynton Beach,TRUE
2026-08-05,Chilton Family Eye Care,TRUE
2026-08-05,Citrus Heights,TRUE
2026-08-05,Colchester,TRUE
2026-08-05,Dallas,TRUE
2026-08-05,Downtown,TRUE
2026-08-05,East Northport,TRUE
2026-08-05,Essex,TRUE
2026-08-05,Eye Care Associates Jefferson,TRUE
2026-08-05,Eye Care Associates Panora,TRUE
2026-08-05,Eye Care Associates Perry,TRUE
2026-08-05,Eye Care Associates Stuart,TRUE
2026-08-05,Eyecare of Great Bend,FALSE
2026-08-05,Eyes on Eastern,TRUE
2026-08-05,Fort Collins,TRUE
2026-08-05,Geneva,FALSE
2026-08-05,Glen Mills,TRUE
2026-08-05,Grafton Family Eye Care,TRUE
2026-08-05,Hebron,TRUE
2026-08-05,Irving,TRUE
2026-08-05,Lake Mills,TRUE
2026-08-05,Lancaster,TRUE
2026-08-05,Larned Eye Health,FALSE
2026-08-05,Longmont,TRUE
2026-08-05,Madison,FALSE
2026-08-05,Maple Grove,TRUE
2026-08-05,Mitchell,TRUE
2026-08-05,Naperville,FALSE
2026-08-05,New Holstein Family Eye Care,TRUE
2026-08-05,Omaha,TRUE
2026-08-05,Orange City,TRUE
2026-08-05,Park Hills,TRUE
2026-08-05,Prosper,TRUE
2026-08-05,Sheboygan Family Eye Care,TRUE
2026-08-05,Tooele,TRUE
2026-08-05,Toronto Ontario Canada,TRUE
2026-08-05,Tulsa,TRUE
2026-08-05,Vision Source Atwood,TRUE
2026-08-05,Vision Source Burlington,FALSE
2026-08-05,Vision Source Colby,TRUE
2026-08-05,Vision Source Eye Center of the Triad Greensboro,TRUE
2026-08-05,Vision Source Eye Center of the Triad Oak Ridge,TRUE
2026-08-05,Vision Source Goodland,FALSE
2026-08-05,Vision Source Junction City,TRUE
2026-08-05,Vision Source Manhattan,TRUE
2026-08-05,Vision Source Oakley,TRUE
2026-08-05,Vision Source St Francis,TRUE
2026-08-05,Vision Source Wamego,TRUE
2026-08-05,Vision Source Wray,TRUE
2026-08-05,Vision Source Yuma,TRUE
2026-08-05,WVEA,TRUE
2026-08-05,Waupun,FALSE
2026-08-05,Wheaton,FALSE
2026-08-05,Woodridge,FALSE
2026-08-06,13th St,FALSE
2026-08-06,Asheville,TRUE
2026-08-06,Boston,TRUE
2026-08-06,Boynton Beach,TRUE
2026-08-06,Chilton Family Eye Care,TRUE
2026-08-06,Citrus Heights,TRUE
2026-08-06,Colchester,TRUE
2026-08-06,Dallas,TRUE
2026-08-06,Downtown,TRUE
2026-08-06,East Northport,TRUE
2026-08-06,Essex,TRUE
2026-08-06,Eye Care Associates Jefferson,FALSE
2026-08-06,Eye Care Associates Panora,FALSE
2026-08-06,Eye Care Associates Perry,FALSE
2026-08-06,Eye Care Associates Stuart,FALSE
2026-08-06,Eyecare of Great Bend,FALSE
2026-08-06,Eyes on Eastern,TRUE
2026-08-06,Fort Collins,TRUE
2026-08-06,Geneva,FALSE
2026-08-06,Glen Mills,TRUE
2026-08-06,Grafton Family Eye Care,TRUE
2026-08-06,Hebron,TRUE
2026-08-06,Irving,TRUE
2026-08-06,Lake Mills,TRUE
2026-08-06,Lancaster,TRUE
2026-08-06,Larned Eye Health,FALSE
2026-08-06,Longmont,TRUE
2026-08-06,Madison,TRUE
2026-08-06,Maple Grove,TRUE
2026-08-06,Mitchell,TRUE
2026-08-06,Naperville,FALSE
2026-08-06,New Holstein Family Eye Care,TRUE
2026-08-06,Omaha,TRUE
2026-08-06,Orange City,TRUE
2026-08-06,Park Hills,TRUE
2026-08-06,Prosper,TRUE
2026-08-06,Sheboygan Family Eye Care,TRUE
2026-08-06,Tooele,TRUE
2026-08-06,Toronto Ontario Canada,FALSE
2026-08-06,Tulsa,TRUE
2026-08-06,Vision Source Atwood,FALSE
2026-08-06,Vision Source Burlington,FALSE
2026-08-06,Vision Source Colby,TRUE
2026-08-06,Vision Source Eye Center of the Triad Greensboro,TRUE
2026-08-06,Vision Source Eye Center of the Triad Oak Ridge,TRUE
2026-08-06,Vision Source Goodland,TRUE
2026-08-06,Vision Source Junction City,TRUE
2026-08-06,Vision Source Manhattan,TRUE
2026-08-06,Vision Source Oakley,FALSE
2026-08-06,Vision Source St Francis,TRUE
2026-08-06,Vision Source Wamego,TRUE
2026-08-06,Vision Source Wray,TRUE
2026-08-06,Vision Source Yuma,TRUE
2026-08-06,WVEA,TRUE
2026-08-06,Waupun,TRUE
2026-08-06,Wheaton,FALSE
2026-08-06,Woodridge,FALSE
2026-08-07,13th St,FALSE
2026-08-07,Asheville,FALSE
2026-08-07,Boston,FALSE
2026-08-07,Boynton Beach,FALSE
2026-08-07,Chilton Family Eye Care,FALSE
2026-08-07,Citrus Heights,FALSE
2026-08-07,Colchester,FALSE
2026-08-07,Dallas,FALSE
2026-08-07,Downtown,FALSE
2026-08-07,East Northport,FALSE
2026-08-07,Essex,FALSE
2026-08-07,Eye Care Associates Jefferson,TRUE
2026-08-07,Eye Care Associates Panora,FALSE
2026-08-07,Eye Care Associates Perry,FALSE
2026-08-07,Eye Care Associates Stuart,FALSE
2026-08-07,Eyecare of Great Bend,FALSE
2026-08-07,Eyes on Eastern,FALSE
2026-08-07,Fort Collins,FALSE
2026-08-07,Geneva,FALSE
2026-08-07,Glen Mills,TRUE
2026-08-07,Grafton Family Eye Care,FALSE
2026-08-07,Hebron,FALSE
2026-08-07,Irving,FALSE
2026-08-07,Lake Mills,FALSE
2026-08-07,Lancaster,TRUE
2026-08-07,Larned Eye Health,FALSE
2026-08-07,Longmont,FALSE
2026-08-07,Madison,FALSE
2026-08-07,Maple Grove,FALSE
2026-08-07,Mitchell,FALSE
2026-08-07,Naperville,FALSE
2026-08-07,New Holstein Family Eye Care,FALSE
2026-08-07,Omaha,TRUE
2026-08-07,Orange City,FALSE
2026-08-07,Park Hills,FALSE
2026-08-07,Prosper,FALSE
2026-08-07,Sheboygan Family Eye Care,FALSE
2026-08-07,Tooele,FALSE
2026-08-07,Toronto Ontario Canada,TRUE
2026-08-07,Tulsa,FALSE
2026-08-07,Vision Source Atwood,TRUE
2026-08-07,Vision Source Burlington,FALSE
2026-08-07,Vision Source Colby,FALSE
2026-08-07,Vision Source Eye Center of the Triad Greensboro,FALSE
2026-08-07,Vision Source Eye Center of the Triad Oak Ridge,TRUE
2026-08-07,Vision Source Goodland,FALSE
2026-08-07,Vision Source Junction City,FALSE
2026-08-07,Vision Source Manhattan,FALSE
2026-08-07,Vision Source Oakley,TRUE
2026-08-07,Vision Source St Francis,TRUE
2026-08-07,Vision Source Wamego,FALSE
2026-08-07,Vision Source Wray,TRUE
2026-08-07,Vision Source Yuma,TRUE
2026-08-07,WVEA,FALSE
2026-08-07,Waupun,FALSE
2026-08-07,Wheaton,FALSE
2026-08-07,Woodridge,FALSE
2026-08-08,13th St,FALSE
2026-08-08,Asheville,FALSE
2026-08-08,Boston,FALSE
2026-08-08,Boynton Beach,FALSE
2026-08-08,Chilton Family Eye Care,FALSE
2026-08-08,Citrus Heights,FALSE
2026-08-08,Colchester,FALSE
2026-08-08,Dallas,FALSE
2026-08-08,Downtown,FALSE
2026-08-08,East Northport,FALSE
2026-08-08,Essex,FALSE
2026-08-08,Eye Care Associates Jefferson,FALSE
2026-08-08,Eye Care Associates Panora,FALSE
2026-08-08,Eye Care Associates Perry,FALSE
2026-08-08,Eye Care Associates Stuart,FALSE
2026-08-08,Eyecare of Great Bend,FALSE
2026-08-08,Eyes on Eastern,FALSE
2026-08-08,Fort Collins,FALSE
2026-08-08,Geneva,FALSE
2026-08-08,Glen Mills,TRUE
2026-08-08,Grafton Family Eye Care,FALSE
2026-08-08,Hebron,FALSE
2026-08-08,Irving,FALSE
2026-08-08,Lake Mills,FALSE
2026-08-08,Lancaster,TRUE
2026-08-08,Larned Eye Health,FALSE
2026-08-08,Longmont,FALSE
2026-08-08,Madison,FALSE
2026-08-08,Maple Grove,FALSE
2026-08-08,Mitchell,FALSE
2026-08-08,Naperville,FALSE
2026-08-08,New Holstein Family Eye Care,FALSE
2026-08-08,Omaha,TRUE
2026-08-08,Orange City,FALSE
2026-08-08,Park Hills,FALSE
2026-08-08,Prosper,FALSE
2026-08-08,Sheboygan Family Eye Care,FALSE
2026-08-08,Tooele,FALSE
2026-08-08,Toronto Ontario Canada,FALSE
2026-08-08,Tulsa,FALSE
2026-08-08,Vision Source Atwood,TRUE
2026-08-08,Vision Source Burlington,FALSE
2026-08-08,Vision Source Colby,FALSE
2026-08-08,Vision Source Eye Center of the Triad Greensboro,FALSE
2026-08-08,Vision Source Eye Center of the Triad Oak Ridge,TRUE
2026-08-08,Vision Source Goodland,FALSE
2026-08-08,Vision Source Junction City,FALSE
2026-08-08,Vision Source Manhattan,FALSE
2026-08-08,Vision Source Oakley,TRUE
2026-08-08,Vision Source St Francis,TRUE
2026-08-08,Vision Source Wamego,FALSE
2026-08-08,Vision Source Wray,TRUE
2026-08-08,Vision Source Yuma,TRUE
2026-08-08,WVEA,FALSE
2026-08-08,Waupun,FALSE
2026-08-08,Wheaton,FALSE
2026-08-08,Woodridge,FALSE
2026-08-09,13th St,FALSE
2026-08-09,Asheville,FALSE
2026-08-09,Boston,FALSE
2026-08-09,Boynton Beach,FALSE
2026-08-09,Chilton Family Eye Care,FALSE
2026-08-09,Citrus Heights,FALSE
2026-08-09,Colchester,FALSE
2026-08-09,Dallas,FALSE
2026-08-09,Downtown,FALSE
2026-08-09,East Northport,FALSE
2026-08-09,Essex,FALSE
2026-08-09,Eye Care Associates Jefferson,FALSE
2026-08-09,Eye Care Associates Panora,FALSE
2026-08-09,Eye Care Associates Perry,FALSE
2026-08-09,Eye Care Associates Stuart,FALSE
2026-08-09,Eyecare of Great Bend,FALSE
2026-08-09,Eyes on Eastern,FALSE
2026-08-09,Fort Collins,FALSE
2026-08-09,Geneva,FALSE
2026-08-09,Glen Mills,TRUE
2026-08-09,Grafton Family Eye Care,FALSE
2026-08-09,Hebron,FALSE
2026-08-09,Irving,FALSE
2026-08-09,Lake Mills,FALSE
2026-08-09,Lancaster,TRUE
2026-08-09,Larned Eye Health,FALSE
2026-08-09,Longmont,FALSE
2026-08-09,Madison,FALSE
2026-08-09,Maple Grove,FALSE
2026-08-09,Mitchell,FALSE
2026-08-09,Naperville,FALSE
2026-08-09,New Holstein Family Eye Care,FALSE
2026-08-09,Omaha,TRUE
2026-08-09,Orange City,FALSE
2026-08-09,Park Hills,FALSE
2026-08-09,Prosper,FALSE
2026-08-09,Sheboygan Family Eye Care,FALSE
2026-08-09,Tooele,FALSE
2026-08-09,Toronto Ontario Canada,TRUE
2026-08-09,Tulsa,FALSE
2026-08-09,Vision Source Atwood,FALSE
2026-08-09,Vision Source Burlington,FALSE
2026-08-09,Vision Source Colby,FALSE
2026-08-09,Vision Source Eye Center of the Triad Greensboro,FALSE
2026-08-09,Vision Source Eye Center of the Triad Oak Ridge,TRUE
2026-08-09,Vision Source Goodland,FALSE
2026-08-09,Vision Source Junction City,FALSE
2026-08-09,Vision Source Manhattan,FALSE
2026-08-09,Vision Source Oakley,TRUE
2026-08-09,Vision Source St Francis,TRUE
2026-08-09,Vision Source Wamego,FALSE
2026-08-09,Vision Source Wray,FALSE
2026-08-09,Vision Source Yuma,TRUE
2026-08-09,WVEA,FALSE
2026-08-09,Waupun,FALSE
2026-08-09,Wheaton,FALSE
2026-08-09,Woodridge,FALSE
2026-08-10,13th St,FALSE
2026-08-10,Asheville,FALSE
2026-08-10,Boston,FALSE
2026-08-10,Boynton Beach,FALSE
2026-08-10,Chilton Family Eye Care,FALSE
2026-08-10,Citrus Heights,FALSE
2026-08-10,Colchester,FALSE
2026-08-10,Dallas,FALSE
2026-08-10,Downtown,FALSE
2026-08-10,East Northport,FALSE
2026-08-10,Essex,FALSE
2026-08-10,Eye Care Associates Jefferson,FALSE
2026-08-10,Eye Care Associates Panora,FALSE
2026-08-10,Eye Care Associates Perry,FALSE
2026-08-10,Eye Care Associates Stuart,FALSE
2026-08-10,Eyecare of Great Bend,FALSE
2026-08-10,Eyes on Eastern,FALSE
2026-08-10,Fort Collins,FALSE
2026-08-10,Geneva,FALSE
2026-08-10,Glen Mills,TRUE
2026-08-10,Grafton Family Eye Care,FALSE
2026-08-10,Hebron,FALSE
2026-08-10,Irving,FALSE
2026-08-10,Lake Mills,FALSE
2026-08-10,Lancaster,TRUE
2026-08-10,Larned Eye Health,FALSE
2026-08-10,Longmont,FALSE
2026-08-10,Madison,FALSE
2026-08-10,Maple Grove,FALSE
2026-08-10,Mitchell,FALSE
2026-08-10,Naperville,FALSE
2026-08-10,New Holstein Family Eye Care,FALSE
2026-08-10,Omaha,TRUE
2026-08-10,Orange City,TRUE
2026-08-10,Park Hills,FALSE
2026-08-10,Prosper,FALSE
2026-08-10,Sheboygan Family Eye Care,FALSE
2026-08-10,Tooele,FALSE
2026-08-10,Toronto Ontario Canada,FALSE
2026-08-10,Tulsa,FALSE
2026-08-10,Vision Source Atwood,FALSE
2026-08-10,Vision Source Burlington,FALSE
2026-08-10,Vision Source Colby,FALSE
2026-08-10,Vision Source Eye Center of the Triad Greensboro,FALSE
2026-08-10,Vision Source Eye Center of the Triad Oak Ridge,TRUE
2026-08-10,Vision Source Goodland,FALSE
2026-08-10,Vision Source Junction City,FALSE
2026-08-10,Vision Source Manhattan,FALSE
2026-08-10,Vision Source Oakley,TRUE
2026-08-10,Vision Source St Francis,TRUE
2026-08-10,Vision Source Wamego,TRUE
2026-08-10,Vision Source Wray,TRUE
2026-08-10,Vision Source Yuma,TRUE
2026-08-10,WVEA,TRUE
2026-08-10,Waupun,FALSE
2026-08-10,Wheaton,FALSE
2026-08-10,Woodridge,FALSE
2026-08-11,13th St,TRUE
2026-08-11,Asheville,TRUE
2026-08-11,Boston,TRUE
2026-08-11,Boynton Beach,TRUE
2026-08-11,Chilton Family Eye Care,TRUE
2026-08-11,Citrus Heights,TRUE
2026-08-11,Colchester,TRUE
2026-08-11,Dallas,TRUE
2026-08-11,Downtown,TRUE
2026-08-11,East Northport,TRUE
2026-08-11,Essex,TRUE
2026-08-11,Eye Care Associates Jefferson,TRUE
2026-08-11,Eye Care Associates Panora,TRUE
2026-08-11,Eye Care Associates Perry,TRUE
2026-08-11,Eye Care Associates Stuart,TRUE
2026-08-11,Eyecare of Great Bend,FALSE
2026-08-11,Eyes on Eastern,TRUE
2026-08-11,Fort Collins,TRUE
2026-08-11,Geneva,FALSE
2026-08-11,Glen Mills,FALSE
2026-08-11,Grafton Family Eye Care,TRUE
2026-08-11,Hebron,TRUE
2026-08-11,Irving,TRUE
2026-08-11,Lake Mills,TRUE
2026-08-11,Lancaster,TRUE
2026-08-11,Larned Eye Health,FALSE
2026-08-11,Longmont,TRUE
2026-08-11,Madison,TRUE
2026-08-11,Maple Grove,TRUE
2026-08-11,Mitchell,TRUE
2026-08-11,Naperville,FALSE
2026-08-11,New Holstein Family Eye Care,TRUE
2026-08-11,Omaha,TRUE
2026-08-11,Orange City,TRUE
2026-08-11,Park Hills,TRUE
2026-08-11,Prosper,TRUE
2026-08-11,Sheboygan Family Eye Care,TRUE
2026-08-11,Tooele,TRUE
2026-08-11,Toronto Ontario Canada,TRUE
2026-08-11,Tulsa,TRUE
2026-08-11,Vision Source Atwood,TRUE
2026-08-11,Vision Source Burlington,TRUE
2026-08-11,Vision Source Colby,TRUE
2026-08-11,Vision Source Eye Center of the Triad Greensboro,TRUE
2026-08-11,Vision Source Eye Center of the Triad Oak Ridge,FALSE
2026-08-11,Vision Source Goodland,TRUE
2026-08-11,Vision Source Junction City,TRUE
2026-08-11,Vision Source Manhattan,FALSE
2026-08-11,Vision Source Oakley,FALSE
2026-08-11,Vision Source St Francis,FALSE
2026-08-11,Vision Source Wamego,TRUE
2026-08-11,Vision Source Wray,FALSE
2026-08-11,Vision Source Yuma,TRUE
2026-08-11,WVEA,TRUE
2026-08-11,Waupun,TRUE
2026-08-11,Wheaton,FALSE
2026-08-11,Woodridge,FALSE
2026-08-12,13th St,TRUE
2026-08-12,Asheville,TRUE
2026-08-12,Boston,TRUE
2026-08-12,Boynton Beach,TRUE
2026-08-12,Chilton Family Eye Care,TRUE
2026-08-12,Citrus Heights,TRUE
2026-08-12,Colchester,TRUE
2026-08-12,Dallas,TRUE
2026-08-12,Downtown,TRUE
2026-08-12,East Northport,TRUE
2026-08-12,Essex,TRUE
2026-08-12,Eye Care Associates Jefferson,TRUE
2026-08-12,Eye Care Associates Panora,TRUE
2026-08-12,Eye Care Associates Perry,TRUE
2026-08-12,Eye Care Associates Stuart,TRUE
2026-08-12,Eyecare of Great Bend,TRUE
2026-08-12,Eyes on Eastern,TRUE
2026-08-12,Fort Collins,TRUE
2026-08-12,Geneva,FALSE
2026-08-12,Glen Mills,TRUE
2026-08-12,Grafton Family Eye Care,TRUE
2026-08-12,Hebron,TRUE
2026-08-12,Irving,TRUE
2026-08-12,Lake Mills,TRUE
2026-08-12,Lancaster,TRUE
2026-08-12,Larned Eye Health,TRUE
2026-08-12,Longmont,TRUE
2026-08-12,Madison,TRUE
2026-08-12,Maple Grove,TRUE
2026-08-12,Mitchell,TRUE
2026-08-12,Naperville,FALSE
2026-08-12,New Holstein Family Eye Care,TRUE
2026-08-12,Omaha,TRUE
2026-08-12,Orange City,TRUE
2026-08-12,Park Hills,TRUE
2026-08-12,Prosper,TRUE
2026-08-12,Sheboygan Family Eye Care,TRUE
2026-08-12,Tooele,TRUE
2026-08-12,Toronto Ontario Canada,TRUE
2026-08-12,Tulsa,TRUE
2026-08-12,Vision Source Atwood,TRUE
2026-08-12,Vision Source Burlington,TRUE
2026-08-12,Vision Source Colby,TRUE
2026-08-12,Vision Source Eye Center of the Triad Greensboro,TRUE
2026-08-12,Vision Source Eye Center of the Triad Oak Ridge,TRUE
2026-08-12,Vision Source Goodland,TRUE
2026-08-12,Vision Source Junction City,TRUE
2026-08-12,Vision Source Manhattan,FALSE
2026-08-12,Vision Source Oakley,TRUE
2026-08-12,Vision Source St Francis,TRUE
2026-08-12,Vision Source Wamego,TRUE
2026-08-12,Vision Source Wray,TRUE
2026-08-12,Vision Source Yuma,TRUE
2026-08-12,WVEA,TRUE
2026-08-12,Waupun,TRUE
2026-08-12,Wheaton,FALSE
2026-08-12,Woodridge,FALSE
2026-08-13,13th St,TRUE
2026-08-13,Asheville,TRUE
2026-08-13,Boston,TRUE
2026-08-13,Boynton Beach,TRUE
2026-08-13,Chilton Family Eye Care,TRUE
2026-08-13,Citrus Heights,TRUE
2026-08-13,Colchester,TRUE
2026-08-13,Dallas,TRUE
2026-08-13,Downtown,TRUE
2026-08-13,East Northport,TRUE
2026-08-13,Essex,TRUE
2026-08-13,Eye Care Associates Jefferson,TRUE
2026-08-13,Eye Care Associates Panora,TRUE
2026-08-13,Eye Care Associates Perry,TRUE
2026-08-13,Eye Care Associates Stuart,TRUE
2026-08-13,Eyecare of Great Bend,TRUE
2026-08-13,Eyes on Eastern,TRUE
2026-08-13,Fort Collins,TRUE
2026-08-13,Geneva,TRUE
2026-08-13,Glen Mills,TRUE
2026-08-13,Grafton Family Eye Care,TRUE
2026-08-13,Hebron,TRUE
2026-08-13,Irving,TRUE
2026-08-13,Lake Mills,TRUE
2026-08-13,Lancaster,TRUE
2026-08-13,Larned Eye Health,TRUE
2026-08-13,Longmont,TRUE
2026-08-13,Madison,FALSE
2026-08-13,Maple Grove,TRUE
2026-08-13,Mitchell,TRUE
2026-08-13,Naperville,TRUE
2026-08-13,New Holstein Family Eye Care,TRUE
2026-08-13,Omaha,TRUE
2026-08-13,Orange City,TRUE
2026-08-13,Park Hills,TRUE
2026-08-13,Prosper,TRUE
2026-08-13,Sheboygan Family Eye Care,TRUE
2026-08-13,Tooele,TRUE
2026-08-13,Toronto Ontario Canada,TRUE
2026-08-13,Tulsa,TRUE
2026-08-13,Vision Source Atwood,TRUE
2026-08-13,Vision Source Burlington,TRUE
2026-08-13,Vision Source Colby,TRUE
2026-08-13,Vision Source Eye Center of the Triad Greensboro,TRUE
2026-08-13,Vision Source Eye Center of the Triad Oak Ridge,TRUE
2026-08-13,Vision Source Goodland,TRUE
2026-08-13,Vision Source Junction City,TRUE
2026-08-13,Vision Source Manhattan,FALSE
2026-08-13,Vision Source Oakley,TRUE
2026-08-13,Vision Source St Francis,TRUE
2026-08-13,Vision Source Wamego,TRUE
2026-08-13,Vision Source Wray,TRUE
2026-08-13,Vision Source Yuma,TRUE
2026-08-13,WVEA,TRUE
2026-08-13,Waupun,TRUE
2026-08-13,Wheaton,TRUE
2026-08-13,Woodridge,TRUE
2026-08-14,13th St,TRUE
2026-08-14,Asheville,TRUE
2026-08-14,Boston,TRUE
2026-08-14,Boynton Beach,TRUE
2026-08-14,Chilton Family Eye Care,TRUE
2026-08-14,Citrus Heights,TRUE
2026-08-14,Colchester,TRUE
2026-08-14,Dallas,TRUE
2026-08-14,Downtown,TRUE
2026-08-14,East Northport,TRUE
2026-08-14,Essex,TRUE
2026-08-14,Eye Care Associates Jefferson,TRUE
2026-08-14,Eye Care Associates Panora,TRUE
2026-08-14,Eye Care Associates Perry,TRUE
2026-08-14,Eye Care Associates Stuart,TRUE
2026-08-14,Eyecare of Great Bend,TRUE
2026-08-14,Eyes on Eastern,TRUE
2026-08-14,Fort Collins,TRUE
2026-08-14,Geneva,TRUE
2026-08-14,Glen Mills,TRUE
2026-08-14,Grafton Family Eye Care,TRUE
2026-08-14,Hebron,TRUE
2026-08-14,Irving,TRUE
2026-08-14,Lake Mills,TRUE
2026-08-14,Lancaster,TRUE
2026-08-14,Larned Eye Health,TRUE
2026-08-14,Longmont,TRUE
2026-08-14,Madison,TRUE
2026-08-14,Maple Grove,TRUE
2026-08-14,Mitchell,TRUE
2026-08-14,Naperville,TRUE
2026-08-14,New Holstein Family Eye Care,TRUE
2026-08-14,Omaha,TRUE
2026-08-14,Orange City,TRUE
2026-08-14,Park Hills,TRUE
2026-08-14,Prosper,TRUE
2026-08-14,Sheboygan Family Eye Care,TRUE
2026-08-14,Tooele,TRUE
2026-08-14,Toronto Ontario Canada,TRUE
2026-08-14,Tulsa,TRUE
2026-08-14,Vision Source Atwood,TRUE
2026-08-14,Vision Source Burlington,TRUE
2026-08-14,Vision Source Colby,TRUE
2026-08-14,Vision Source Eye Center of the Triad Greensboro,TRUE
2026-08-14,Vision Source Eye Center of the Triad Oak Ridge,TRUE
2026-08-14,Vision Source Goodland,TRUE
2026-08-14,Vision Source Junction City,TRUE
2026-08-14,Vision Source Manhattan,FALSE
2026-08-14,Vision Source Oakley,TRUE
2026-08-14,Vision Source St Francis,TRUE
2026-08-14,Vision Source Wamego,TRUE
2026-08-14,Vision Source Wray,TRUE
2026-08-14,Vision Source Yuma,TRUE
2026-08-14,WVEA,TRUE
2026-08-14,Waupun,TRUE
2026-08-14,Wheaton,TRUE
2026-08-14,Woodridge,TRUE
2026-08-15,13th St,TRUE
2026-08-15,Asheville,TRUE
2026-08-15,Boston,TRUE
2026-08-15,Boynton Beach,TRUE
2026-08-15,Chilton Family Eye Care,TRUE
2026-08-15,Citrus Heights,TRUE
2026-08-15,Colchester,TRUE
2026-08-15,Dallas,FALSE
2026-08-15,Downtown,TRUE
2026-08-15,East Northport,TRUE
2026-08-15,Essex,TRUE
2026-08-15,Eye Care Associates Jefferson,TRUE
2026-08-15,Eye Care Associates Panora,TRUE
2026-08-15,Eye Care Associates Perry,TRUE
2026-08-15,Eye Care Associates Stuart,TRUE
2026-08-15,Eyecare of Great Bend,TRUE
2026-08-15,Eyes on Eastern,TRUE
2026-08-15,Fort Collins,TRUE
2026-08-15,Geneva,TRUE
2026-08-15,Glen Mills,TRUE
2026-08-15,Grafton Family Eye Care,TRUE
2026-08-15,Hebron,TRUE
2026-08-15,Irving,TRUE
2026-08-15,Lake Mills,TRUE
2026-08-15,Lancaster,TRUE
2026-08-15,Larned Eye Health,TRUE
2026-08-15,Longmont,TRUE
2026-08-15,Madison,TRUE
2026-08-15,Maple Grove,TRUE
2026-08-15,Mitchell,TRUE
2026-08-15,Naperville,TRUE
2026-08-15,New Holstein Family Eye Care,TRUE
2026-08-15,Omaha,TRUE
2026-08-15,Orange City,TRUE
2026-08-15,Park Hills,TRUE
2026-08-15,Prosper,TRUE
2026-08-15,Sheboygan Family Eye Care,TRUE
2026-08-15,Tooele,TRUE
2026-08-15,Toronto Ontario Canada,TRUE
2026-08-15,Tulsa,TRUE
2026-08-15,Vision Source Atwood,FALSE
2026-08-15,Vision Source Burlington,TRUE
2026-08-15,Vision Source Colby,TRUE
2026-08-15,Vision Source Eye Center of the Triad Greensboro,TRUE
2026-08-15,Vision Source Eye Center of the Triad Oak Ridge,TRUE
2026-08-15,Vision Source Goodland,TRUE
2026-08-15,Vision Source Junction City,TRUE
2026-08-15,Vision Source Manhattan,FALSE
2026-08-15,Vision Source Oakley,TRUE
2026-08-15,Vision Source St Francis,TRUE
2026-08-15,Vision Source Wamego,TRUE
2026-08-15,Vision Source Wray,TRUE
2026-08-15,Vision Source Yuma,TRUE
2026-08-15,WVEA,TRUE
2026-08-15,Waupun,TRUE
2026-08-15,Wheaton,TRUE
2026-08-15,Woodridge,TRUE
2026-08-16,13th St,TRUE
2026-08-16,Asheville,TRUE
2026-08-16,Boston,TRUE
2026-08-16,Boynton Beach,TRUE
2026-08-16,Chilton Family Eye Care,TRUE
2026-08-16,Citrus Heights,FALSE
2026-08-16,Colchester,TRUE
2026-08-16,Dallas,TRUE
2026-08-16,Downtown,TRUE
2026-08-16,East Northport,TRUE
2026-08-16,Essex,TRUE
2026-08-16,Eye Care Associates Jefferson,TRUE
2026-08-16,Eye Care Associates Panora,TRUE
2026-08-16,Eye Care Associates Perry,TRUE
2026-08-16,Eye Care Associates Stuart,TRUE
2026-08-16,Eyecare of Great Bend,TRUE
2026-08-16,Eyes on Eastern,TRUE
2026-08-16,Fort Collins,TRUE
2026-08-16,Geneva,TRUE
2026-08-16,Glen Mills,TRUE
2026-08-16,Grafton Family Eye Care,TRUE
2026-08-16,Hebron,TRUE
2026-08-16,Irving,TRUE
2026-08-16,Lake Mills,TRUE
2026-08-16,Lancaster,TRUE
2026-08-16,Larned Eye Health,TRUE
2026-08-16,Longmont,TRUE
2026-08-16,Madison,TRUE
2026-08-16,Maple Grove,TRUE
2026-08-16,Mitchell,TRUE
2026-08-16,Naperville,TRUE
2026-08-16,New Holstein Family Eye Care,TRUE
2026-08-16,Omaha,TRUE
2026-08-16,Orange City,TRUE
2026-08-16,Park Hills,TRUE
2026-08-16,Prosper,TRUE
2026-08-16,Sheboygan Family Eye Care,TRUE
2026-08-16,Tooele,TRUE
2026-08-16,Toronto Ontario Canada,TRUE
2026-08-16,Tulsa,TRUE
2026-08-16,Vision Source Atwood,TRUE
2026-08-16,Vision Source Burlington,TRUE
2026-08-16,Vision Source Colby,TRUE
2026-08-16,Vision Source Eye Center of the Triad Greensboro,TRUE
2026-08-16,Vision Source Eye Center of the Triad Oak Ridge,TRUE
2026-08-16,Vision Source Goodland,TRUE
2026-08-16,Vision Source Junction City,TRUE
2026-08-16,Vision Source Manhattan,FALSE
2026-08-16,Vision Source Oakley,TRUE
2026-08-16,Vision Source St Francis,TRUE
2026-08-16,Vision Source Wamego,TRUE
2026-08-16,Vision Source Wray,TRUE
2026-08-16,Vision Source Yuma,TRUE
2026-08-16,WVEA,TRUE
2026-08-16,Waupun,TRUE
2026-08-16,Wheaton,TRUE
2026-08-16,Woodridge,TRUE
